wms_company_id,sku_code,asn_id,original_qty,receive_qty,create_time,closed_date,asn_line_id,inc_day
Pernod,30087,ONEYGOTB03746500,13860,13860,2021/5/28 8:37,2021/6/1 13:48,248949,20210601
Pernod,13012,ONEYLIVA68562800,2160,2160,2021/5/28 8:39,2021/6/1 18:49,249026,20210601
Pernod,13012,ONEYLIVA68562800,5670,3510,2021/5/28 8:39,2021/6/1 18:49,248951,20210601
Pernod,13012,ONEYLIVA68572900,5670,5670,2021/5/28 8:38,2021/6/1 18:49,248950,20210601
Pernod,BF0936,ONEYLIVB11758400,18900,12780,2021/5/28 8:56,2021/6/1 18:49,248962,20210601
Pernod,BF0936,ONEYLIVB11758400,6120,6120,2021/5/28 8:56,2021/6/1 18:49,249025,20210601
Pernod,BT0085,ONEYLIVB11764800,2880,2880,2021/5/30 0:11,2021/6/1 13:48,248971,20210601
Pernod,AB1626,ONEYLIVB11764800,165,165,2021/5/30 0:11,2021/6/1 13:48,248970,20210601
Pernod,13012,ONEYLIVB11764800,270,270,2021/5/30 0:11,2021/6/1 13:48,249020,20210601
Pernod,13012,ONEYLIVB11764800,4590,4320,2021/5/30 0:11,2021/6/1 13:48,248969,20210601
Pernod,11295,ONEYLIVB11766300,8004,4608,2021/5/30 0:12,2021/6/1 18:49,248972,20210601
Pernod,11295,ONEYLIVB11766300,3396,3396,2021/5/30 0:12,2021/6/1 18:49,249024,20210601
Pernod,BOG006,ONEYLIVB11766300,150,150,2021/5/30 0:12,2021/6/1 18:49,248974,20210601
Pernod,CPP106,ONEYLIVB11766300,1038,1038,2021/5/30 0:12,2021/6/1 18:49,248975,20210601
Pernod,13387,ONEYLIVB11766300,1080,1080,2021/5/30 0:12,2021/6/1 18:49,248973,20210601
Pernod,11520,ONEYLIVB12140400,5580,5580,2021/5/30 0:14,2021/6/1 13:48,248976,20210601
Pernod,BT0064,ONEYLIVB12140400,64800,51840,2021/5/30 0:14,2021/6/1 13:48,248977,20210601
Pernod,BT0064,ONEYLIVB12140400,12960,12960,2021/5/30 0:14,2021/6/1 13:48,249019,20210601
Pernod,11385,ONEYLIVB12167600,14784,14784,2021/5/28 8:45,2021/6/1 18:49,248956,20210601
Pernod,11108,ONEYLIVB12167600,948,948,2021/5/28 8:45,2021/6/1 18:49,248955,20210601
Pernod,18102,ONEYLIVB12167600,5400,5400,2021/5/28 8:45,2021/6/1 18:49,248957,20210601
Pernod,15126,ONEYLIVB16831800,12600,12000,2021/5/28 8:42,2021/6/1 13:48,248952,20210601
Pernod,15126,ONEYLIVB16831800,600,600,2021/5/28 8:42,2021/6/1 13:48,249021,20210601
Pernod,LL2419,HLCULE1210300229,900,900,2021/5/24 9:50,2021/6/2 12:09,248889,20210602
Pernod,LL7111,HLCULE1210300229,60,60,2021/5/24 9:50,2021/6/2 12:09,248898,20210602
Pernod,LL3719,HLCULE1210300229,3360,3360,2021/5/24 9:50,2021/6/2 12:09,248888,20210602
Pernod,LL0119,HLCULE1210300229,840,840,2021/5/24 9:50,2021/6/2 12:09,248890,20210602
Pernod,LL0418,HLCULE1210300229,840,840,2021/5/24 9:50,2021/6/2 12:09,248891,20210602
Pernod,LL4117,HLCULE1210300229,660,660,2021/5/24 9:50,2021/6/2 12:09,248892,20210602
Pernod,LL3118,HLCULE1210300229,360,360,2021/5/24 9:50,2021/6/2 12:09,248893,20210602
Pernod,LL3517,HLCULE1210300229,240,240,2021/5/24 9:50,2021/6/2 12:09,248894,20210602
Pernod,LL8117,HLCULE1210300229,120,120,2021/5/24 9:50,2021/6/2 12:09,248895,20210602
Pernod,LL1318,HLCULE1210300229,120,120,2021/5/24 9:50,2021/6/2 12:09,248896,20210602
Pernod,LL5515,HLCULE1210300229,300,300,2021/5/24 9:50,2021/6/2 12:09,248897,20210602
Pernod,11468,ONEYLIVB10356400,15120,15120,2021/5/30 0:09,2021/6/2 19:07,248968,20210602
Pernod,12417,ONEYLIVB11733400,2160,2160,2021/5/28 8:48,2021/6/2 18:59,249049,20210602
Pernod,12417,ONEYLIVB11733400,15120,10800,2021/5/28 8:48,2021/6/2 18:59,248959,20210602
Pernod,12417,ONEYLIVB11733400,2160,2160,2021/5/28 8:48,2021/6/2 18:59,249048,20210602
Pernod,12946,ONEYLIVB11737800,15120,15120,2021/5/28 8:59,2021/6/2 15:05,248965,20210602
Pernod,12946,ONEYLIVB11745700,15120,15120,2021/5/28 9:00,2021/6/2 15:05,248966,20210602
Pernod,12417,ONEYLIVB11747900,15120,14400,2021/5/28 8:58,2021/6/2 19:07,248964,20210602
Pernod,12417,ONEYLIVB11747900,720,720,2021/5/28 8:58,2021/6/2 19:07,249039,20210602
Pernod,11468,ONEYLIVB11748300,5760,5760,2021/5/28 9:01,2021/6/2 19:00,249045,20210602
Pernod,11468,ONEYLIVB11748300,4320,4320,2021/5/28 9:01,2021/6/2 19:00,249044,20210602
Pernod,11468,ONEYLIVB11748300,15120,5040,2021/5/28 9:01,2021/6/2 19:00,248967,20210602
Pernod,11468,ONEYLIVB11750300,15120,15120,2021/5/28 8:57,2021/6/2 19:07,248963,20210602
Pernod,12217,ONEYLIVB11752500,15120,15120,2021/5/28 8:50,2021/6/2 15:05,248961,20210602
Pernod,12946,ONEYLIVB12149600,2880,2880,2021/5/31 6:27,2021/6/2 18:59,249052,20210602
Pernod,12946,ONEYLIVB12149600,15120,12240,2021/5/31 6:27,2021/6/2 18:59,249003,20210602
Pernod,12417,ONEYLIVB12157500,720,720,2021/5/28 8:47,2021/6/2 18:59,249047,20210602
Pernod,12417,ONEYLIVB12157500,15120,14400,2021/5/28 8:47,2021/6/2 18:59,248958,20210602
Pernod,12417,ONEYLIVB12158600,15120,15120,2021/5/28 8:44,2021/6/2 19:07,248954,20210602
Pernod,12417,ONEYLIVB12160600,720,720,2021/5/28 8:43,2021/6/2 18:59,249046,20210602
Pernod,12417,ONEYLIVB12160600,15120,14400,2021/5/28 8:43,2021/6/2 18:59,248953,20210602
Pernod,11468,ONEYLIVB12165400,1440,1440,2021/5/31 6:29,2021/6/2 18:59,249050,20210602
Pernod,11468,ONEYLIVB12165400,15120,13680,2021/5/31 6:29,2021/6/2 18:59,249007,20210602
Pernod,11468,ONEYLIVB12168700,1440,1440,2021/5/31 6:30,2021/6/2 18:59,249051,20210602
Pernod,11468,ONEYLIVB12168700,15120,13680,2021/5/31 6:30,2021/6/2 18:59,249008,20210602
Pernod,11468,ONEYLIVB12183400,15120,10080,2021/5/31 6:31,2021/6/2 19:07,249009,20210602
Pernod,11468,ONEYLIVB12183400,5040,5040,2021/5/31 6:31,2021/6/2 19:07,249040,20210602
Pernod,12417,ONEYLIVB14992700,15120,12960,2021/5/28 8:49,2021/6/2 19:07,248960,20210602
Pernod,12417,ONEYLIVB14992700,720,720,2021/5/28 8:49,2021/6/2 19:07,249043,20210602
Pernod,12417,ONEYLIVB14992700,720,720,2021/5/28 8:49,2021/6/2 19:07,249042,20210602
Pernod,12417,ONEYLIVB14992700,720,720,2021/5/28 8:49,2021/6/2 19:07,249041,20210602
Pernod,DBS0N8,COSU6292432637,5040,5040,2021/5/21 5:29,2021/6/3 11:07,248833,20210603
Pernod,DBC118,COSU6292432637,9240,9240,2021/5/21 5:29,2021/6/3 11:07,248832,20210603
Pernod,DBS0N8,COSU6292432637,3360,4200,2021/5/21 5:29,2021/6/3 11:07,248834,20210603
Pernod,5537,EGLV540100057722,15840,15840,2021/5/31 8:26,2021/6/3 13:15,249013,20210603
Pernod,3807,EGLV540100090495,17280,14400,2021/5/31 8:25,2021/6/3 16:16,249012,20210603
Pernod,3807,EGLV540100090495,720,720,2021/5/31 8:25,2021/6/3 16:16,249061,20210603
Pernod,3807,EGLV540100090495,720,720,2021/5/31 8:25,2021/6/3 16:16,249062,20210603
Pernod,3807,EGLV540100090495,1440,1440,2021/5/31 8:25,2021/6/3 16:16,249063,20210603
Pernod,4636,LHV2473795,12672,4032,2021/5/31 8:27,2021/6/3 16:16,249014,20210603
Pernod,4636,LHV2473795,8640,8640,2021/5/31 8:27,2021/6/3 16:16,249066,20210603
Pernod,3807,ONEYLEHB07646501,17280,17280,2021/5/31 8:23,2021/6/3 13:15,249011,20210603
Pernod,12417,ONEYLIVB11767400,2160,2160,2021/6/1 9:00,2021/6/3 16:16,249065,20210603
Pernod,12417,ONEYLIVB11767400,15120,12960,2021/6/1 9:00,2021/6/3 16:16,249022,20210603
Pernod,5797,OOLU2663763520,15840,15840,2021/5/31 8:28,2021/6/3 13:15,249015,20210603
Pernod,5797,OOLU2663763560,15840,15840,2021/5/31 8:30,2021/6/3 16:16,249017,20210603
Pernod,5797,OOLU2663763570,15840,15840,2021/5/31 8:31,2021/6/3 13:15,249018,20210603
Pernod,5797,OOLU2663766740,7200,7200,2021/5/31 8:29,2021/6/3 16:16,249064,20210603
Pernod,5797,OOLU2663766740,15840,8640,2021/5/31 8:29,2021/6/3 16:16,249016,20210603
Pernod,30012,ONEYGOTB03234400,20160,15120,2021/6/2 4:37,2021/6/4 13:33,249037,20210604
Pernod,30012,ONEYGOTB03234400,3360,3360,2021/6/2 4:37,2021/6/4 13:33,249095,20210604
Pernod,30012,ONEYGOTB03234400,1680,1680,2021/6/2 4:37,2021/6/4 13:33,249096,20210604
Pernod,BT0086,ONEYLIVB12153800,2400,2400,2021/6/2 2:26,2021/6/4 13:29,249031,20210604
Pernod,13849,ONEYLIVB12153800,1350,1350,2021/6/2 2:26,2021/6/4 13:29,249094,20210604
Pernod,13849,ONEYLIVB12153800,3240,1890,2021/6/2 2:26,2021/6/4 13:29,249033,20210604
Pernod,BT2206,ONEYLIVB12153800,660,660,2021/6/2 2:26,2021/6/4 13:29,249032,20210604
Pernod,11699,ONEYLIVB12153800,930,930,2021/6/2 2:26,2021/6/4 13:29,249030,20210604
Pernod,13531,ONEYLIVB12179900,36,36,2021/5/31 6:28,2021/6/4 15:59,249006,20210604
Pernod,15026,ONEYLIVB12179900,4800,4800,2021/5/31 6:28,2021/6/4 15:59,249004,20210604
Pernod,AB1626,ONEYLIVB12179900,2565,1821,2021/5/31 6:28,2021/6/4 15:59,249005,20210604
Pernod,AB1626,ONEYLIVB12179900,540,540,2021/5/31 6:28,2021/6/4 15:59,249098,20210604
Pernod,AB1626,ONEYLIVB12179900,204,204,2021/5/31 6:28,2021/6/4 15:59,249097,20210604
Pernod,16137,ONEYLIVB12182300,12600,12600,2021/6/2 2:30,2021/6/4 13:33,249036,20210604
Pernod,16137,ONEYLIVB14994900,12600,12600,2021/6/2 2:29,2021/6/4 13:33,249035,20210604
Pernod,5783,OOLU2662157760,6336,6336,2021/6/1 9:01,2021/6/4 8:28,249023,20210604
Pernod,ZJJ0057,ONEYDUBB00901700,9000,9000,2021/6/3 6:36,2021/6/7 13:17,249055,20210607
Pernod,30087,ONEYGOTB04424600,1980,1980,2021/6/4 3:12,2021/6/7 17:01,249087,20210607
Pernod,30087,ONEYGOTB04424600,5940,5940,2021/6/4 3:12,2021/6/7 17:01,249089,20210607
Pernod,30087,ONEYGOTB04424600,5940,5940,2021/6/4 3:12,2021/6/7 17:01,249088,20210607
Pernod,Z036068,ONEYGOTB04425700,6600,6600,2021/6/4 3:07,2021/6/7 13:17,249083,20210607
Pernod,BT0030,ONEYLIVB10366500,18900,18900,2021/6/2 4:39,2021/6/7 17:01,249038,20210607
Pernod,BF0936,ONEYLIVB12144800,18900,13800,2021/5/31 6:23,2021/6/7 11:12,249000,20210607
Pernod,BF0936,ONEYLIVB12144800,5100,5100,2021/5/31 6:23,2021/6/7 11:12,249099,20210607
Pernod,BF0936,ONEYLIVB12147400,18840,15780,2021/5/31 6:25,2021/6/7 11:12,249001,20210607
Pernod,BF0936,ONEYLIVB12147400,3060,3060,2021/5/31 6:25,2021/6/7 11:12,249100,20210607
Pernod,15026,ONEYLIVB12148500,12600,12600,2021/6/3 6:40,2021/6/7 17:00,249060,20210607
Pernod,LMN306,ONEYLIVB12156400,708,708,2021/5/31 6:21,2021/6/7 11:12,248996,20210607
Pernod,LMN506,ONEYLIVB12156400,750,750,2021/5/31 6:21,2021/6/7 11:12,248998,20210607
Pernod,11108,ONEYLIVB12156400,1038,1038,2021/5/31 6:21,2021/6/7 11:12,248999,20210607
Pernod,BOG006,ONEYLIVB12156400,150,150,2021/5/31 6:21,2021/6/7 11:12,248993,20210607
Pernod,LMN406,ONEYLIVB12156400,2316,2316,2021/5/31 6:21,2021/6/7 11:12,248997,20210607
Pernod,BOG106,ONEYLIVB12156400,342,342,2021/5/31 6:21,2021/6/7 11:12,248994,20210607
Pernod,BOG206,ONEYLIVB12156400,720,720,2021/5/31 6:21,2021/6/7 11:12,248995,20210607
Pernod,15307,ONEYLIVB12428600,4800,4800,2021/6/3 6:39,2021/6/7 13:17,249057,20210607
Pernod,AB0086,ONEYLIVB12428600,84,84,2021/6/3 6:39,2021/6/7 13:17,249059,20210607
Pernod,15647,ONEYLIVB12428600,1119,1119,2021/6/3 6:39,2021/6/7 13:17,249058,20210607
Pernod,ZBT0066,ONEYLIVB12433900,3108,3108,2021/6/2 2:24,2021/6/7 11:12,249028,20210607
Pernod,ZBT1006,ONEYLIVB12433900,6600,6600,2021/6/2 2:24,2021/6/7 11:12,249029,20210607
Pernod,Z011275,ONEYLIVB12433900,1200,1200,2021/6/2 2:24,2021/6/7 11:12,249027,20210607
Pernod,AB0086,ONEYLIVB14768800,3600,3600,2021/6/3 6:38,2021/6/7 13:17,249056,20210607
Pernod,35207,ONEYGOTB03735300,3300,3300,2021/6/4 3:11,2021/6/8 13:52,249086,20210608
Pernod,35207,ONEYGOTB03735300,10560,10560,2021/6/4 3:11,2021/6/8 13:52,249085,20210608
Pernod,35207,ONEYGOTB03736400,7920,7920,2021/6/4 3:15,2021/6/8 8:25,249092,20210608
Pernod,35207,ONEYGOTB03736400,3960,3960,2021/6/4 3:15,2021/6/8 8:25,249091,20210608
Pernod,35207,ONEYGOTB03736400,1980,1980,2021/6/4 3:15,2021/6/8 8:25,249090,20210608
Pernod,30012,ONEYGOTB03737500,20160,20160,2021/6/4 3:09,2021/6/8 13:52,249084,20210608
Pernod,30087,ONEYGOTB03740600,13860,13860,2021/6/4 3:17,2021/6/8 8:25,249093,20210608
Pernod,3603,ONEYLEHB07646500,1344,1344,2021/6/3 6:35,2021/6/8 8:25,249111,20210608
Pernod,3603,ONEYLEHB07646500,5376,4032,2021/6/3 6:35,2021/6/8 8:25,249053,20210608
Pernod,7662,ONEYLEHB07646500,7056,7056,2021/6/3 6:35,2021/6/8 8:25,249054,20210608
Pernod,BT1027,ONEYLIVB11755800,18900,18900,2021/6/2 2:28,2021/6/8 8:25,249034,20210608
Pernod,BT0126,ONEYLIVB12152700,13128,13128,2021/5/31 6:26,2021/6/8 8:25,249002,20210608
Pernod,DBSP18,OOLU2121009250,9240,9240,2021/6/3 8:58,2021/6/8 13:52,249145,20210608
Pernod,DBSP18,OOLU2121009250,18480,9240,2021/6/3 8:58,2021/6/8 13:52,249072,20210608
Pernod,DBS0N8,OOLU2121009255,18480,18480,2021/6/3 8:56,2021/6/8 13:52,249071,20210608
Pernod,DBR0N7,OOLU2121009256,3360,3360,2021/6/3 8:59,2021/6/8 17:06,249074,20210608
Pernod,DBR518,OOLU2121009256,6720,6720,2021/6/3 8:59,2021/6/8 17:06,249075,20210608
Pernod,DBLB18,OOLU2121009256,3240,3240,2021/6/3 8:59,2021/6/8 17:06,249073,20210608
Pernod,DBL2N7,OOLU2121009258,10920,10920,2021/6/3 8:54,2021/6/8 17:06,249068,20210608
Pernod,DBL119,OOLU2121009258,5880,5880,2021/6/3 8:54,2021/6/8 17:06,249067,20210608
Pernod,DBL317,OOLU2121009259,12600,12600,2021/6/3 8:55,2021/6/8 17:06,249070,20210608
Pernod,DBC118,OOLU2121009259,5880,1680,2021/6/3 8:55,2021/6/8 17:06,249069,20210608
Pernod,DBC118,OOLU2121009259,4200,4200,2021/6/3 8:55,2021/6/8 17:06,249150,20210608
Pernod,26039,HLCUME3210454111,12480,12480,2021/6/7 3:45,2021/6/9 15:09,249102,20210609
Pernod,26039,HLCUME3210454155,12480,12480,2021/6/7 3:44,2021/6/9 15:09,249101,20210609
Pernod,5602,ONEYLEHB07885300,6300,6300,2021/6/8 8:55,2021/6/9 7:41,249148,20210609
Pernod,5602,ONEYLEHB07885300,1608,1608,2021/6/8 8:55,2021/6/9 7:41,249147,20210609
Pernod,5602,ONEYLEHB07885300,912,912,2021/6/8 8:55,2021/6/9 7:41,249146,20210609
Pernod,9620,ONEYLEHB07885300,2880,2880,2021/6/8 8:55,2021/6/9 7:41,249149,20210609
Pernod,11468,ONEYLIVB14996400,6480,6480,2021/6/7 7:40,2021/6/9 13:44,249151,20210609
Pernod,11468,ONEYLIVB14996400,15120,8040,2021/6/7 7:40,2021/6/9 13:44,249110,20210609
Pernod,11468,ONEYLIVB14996400,360,360,2021/6/7 7:40,2021/6/9 13:44,249152,20210609
Pernod,11468,ONEYLIVB14996400,240,240,2021/6/7 7:40,2021/6/9 13:44,249153,20210609
Pernod,11468,ONEYLIVB14998600,15120,13680,2021/6/7 7:39,2021/6/9 13:44,249109,20210609
Pernod,11468,ONEYLIVB14998600,1440,1440,2021/6/7 7:39,2021/6/9 13:44,249154,20210609
Pernod,ML0640,OOLU2121372360,678,678,2021/6/7 7:36,2021/6/9 13:44,249106,20210609
Pernod,ML0640,OOLU2121372360,180,180,2021/6/7 7:36,2021/6/9 13:44,249108,20210609
Pernod,ML0640,OOLU2121372360,12822,12822,2021/6/7 7:36,2021/6/9 13:44,249107,20210609
Pernod,MK0610,YMLUN651080656,3192,3192,2021/6/7 7:35,2021/6/9 13:49,249104,20210609
Pernod,MK0004,YMLUN651080656,12768,12768,2021/6/7 7:35,2021/6/9 13:49,249105,20210609
Pernod,MK0510,YMLUN651080656,3990,3990,2021/6/7 7:35,2021/6/9 13:49,249103,20210609
Pernod,KA0680,COSU6288762070,10080,10080,2021/6/8 2:51,2021/6/10 16:33,249112,20210610
Pernod,5797,YMLUN800088085,2160,2160,2021/6/8 3:18,2021/6/10 13:15,249159,20210610
Pernod,5797,YMLUN800088085,15840,7200,2021/6/8 3:18,2021/6/10 13:15,249141,20210610
Pernod,5797,YMLUN800088085,3600,3600,2021/6/8 3:18,2021/6/10 13:15,249158,20210610
Pernod,5797,YMLUN800088085,2880,2880,2021/6/8 3:18,2021/6/10 13:15,249157,20210610
Pernod,3807,YMLUN800088932,17280,6480,2021/6/8 3:17,2021/6/10 16:33,249140,20210610
Pernod,3807,YMLUN800088932,8640,6480,2021/6/8 3:17,2021/6/10 16:33,249173,20210610
Pernod,3807,YMLUN800088932,2880,2880,2021/6/8 3:17,2021/6/10 16:33,249174,20210610
Pernod,3807,YMLUN800088932,1440,1440,2021/6/8 3:17,2021/6/10 16:33,249175,20210610
Pernod,5797,YMLUN800088933,720,720,2021/6/8 2:52,2021/6/10 16:33,249113,20210610
Pernod,5797,YMLUN800088933,10080,8640,2021/6/8 2:52,2021/6/10 16:33,249117,20210610
Pernod,5797,YMLUN800088933,3600,5040,2021/6/8 2:52,2021/6/10 16:33,249116,20210610
Pernod,5797,YMLUN800088933,720,720,2021/6/8 2:52,2021/6/10 16:33,249115,20210610
Pernod,5797,YMLUN800088933,720,720,2021/6/8 2:52,2021/6/10 16:33,249114,20210610
Pernod,WA0X50,GDY0242857,13776,12432,2021/6/9 7:29,2021/6/11 11:05,249156,20210611
Pernod,WA0X50,GDY0242857,1344,1344,2021/6/9 7:29,2021/6/11 11:05,249180,20210611
Pernod,7707,ONEYLEHB07628500,9240,9240,2021/6/8 3:20,2021/6/11 11:05,249143,20210611
Pernod,8327,ONEYLEHB07628500,429,429,2021/6/8 3:20,2021/6/11 11:05,249142,20210611
Pernod,8327,ONEYLEHB07628500,40,40,2021/6/8 3:20,2021/6/11 11:05,249144,20210611
Pernod,5602,OOLU2663766790,26460,17640,2021/6/9 7:28,2021/6/11 11:05,249155,20210611
Pernod,5602,OOLU2663766790,8820,8820,2021/6/9 7:28,2021/6/11 11:05,249179,20210611
Pernod,3603,YMLUN800088931,13440,6720,2021/6/10 8:23,2021/6/11 8:36,249171,20210611
Pernod,4652,YMLUN800088931,756,756,2021/6/10 8:23,2021/6/11 8:36,249170,20210611
Pernod,9627,YMLUN800088931,420,420,2021/6/10 8:23,2021/6/11 8:36,249176,20210611
Pernod,3603,YMLUN800088931,4032,4032,2021/6/10 8:23,2021/6/11 8:36,249177,20210611
Pernod,3603,YMLUN800088931,2688,2688,2021/6/10 8:23,2021/6/11 8:36,249178,20210611
Pernod,9627,YMLUN800088931,2100,1680,2021/6/10 8:23,2021/6/11 8:36,249169,20210611
Pernod,3692,YMLUN800088931,2772,2772,2021/6/10 8:23,2021/6/11 8:36,249168,20210611
Pernod,3692,YMLUN800088931,2772,2772,2021/6/10 8:23,2021/6/11 8:36,249172,20210611
Pernod,3906,EGLV540100089632,17280,16560,2021/6/10 5:40,2021/6/15 16:10,249161,20210615
Pernod,3906,EGLV540100089632,720,720,2021/6/10 5:40,2021/6/15 16:10,249202,20210615
Pernod,3807,EGLV540100100873,17280,7920,2021/6/10 5:42,2021/6/15 16:10,249162,20210615
Pernod,3807,EGLV540100100873,7200,7200,2021/6/10 5:42,2021/6/15 16:10,249203,20210615
Pernod,3807,EGLV540100100873,720,720,2021/6/10 5:42,2021/6/15 16:10,249205,20210615
Pernod,3807,EGLV540100100873,1440,1440,2021/6/10 5:42,2021/6/15 16:10,249204,20210615
Pernod,3807,EGLV540100100881,2880,2880,2021/6/10 5:43,2021/6/15 14:07,249201,20210615
Pernod,3807,EGLV540100100881,6480,6480,2021/6/10 5:43,2021/6/15 14:07,249200,20210615
Pernod,3807,EGLV540100100881,17280,7920,2021/6/10 5:43,2021/6/15 14:07,249163,20210615
Pernod,3906,EGLV540100100890,6480,6480,2021/6/10 5:39,2021/6/15 14:07,249199,20210615
Pernod,3906,EGLV540100100890,17280,10800,2021/6/10 5:39,2021/6/15 14:07,249160,20210615
Pernod,3682,EGLV540100100903,20160,12960,2021/6/10 5:44,2021/6/15 16:04,249167,20210615
Pernod,7662,EGLV540100100903,15120,9072,2021/6/10 5:44,2021/6/15 16:04,249164,20210615
Pernod,4242,EGLV540100100903,7560,7560,2021/6/10 5:44,2021/6/15 16:04,249166,20210615
Pernod,3682,EGLV540100100903,7200,7200,2021/6/10 5:44,2021/6/15 16:04,249208,20210615
Pernod,7662,EGLV540100100903,1008,1008,2021/6/10 5:44,2021/6/15 16:04,249206,20210615
Pernod,5702,EGLV540100100903,10800,10800,2021/6/10 5:44,2021/6/15 16:04,249165,20210615
Pernod,7662,EGLV540100100903,5040,5040,2021/6/10 5:44,2021/6/15 16:04,249207,20210615
Pernod,3807,EGLV540100057749,17280,15120,2021/6/11 5:18,2021/6/16 12:50,249181,20210616
Pernod,3807,EGLV540100057749,720,720,2021/6/11 5:18,2021/6/16 12:50,249230,20210616
Pernod,3807,EGLV540100057749,1440,1440,2021/6/11 5:18,2021/6/16 12:50,249229,20210616
Pernod,7662,EGLV540100098852,2016,2016,2021/6/15 5:57,2021/6/17 13:42,249234,20210617
Pernod,7662,EGLV540100098852,5040,5040,2021/6/15 5:57,2021/6/17 13:42,249233,20210617
Pernod,4652,EGLV540100098852,756,756,2021/6/15 5:57,2021/6/17 13:42,249232,20210617
Pernod,4652,EGLV540100098852,756,756,2021/6/15 5:57,2021/6/17 13:42,249231,20210617
Pernod,7662,EGLV540100098852,12060,5040,2021/6/15 5:57,2021/6/17 13:42,249198,20210617
Pernod,4652,EGLV540100098852,3024,1512,2021/6/15 5:57,2021/6/17 13:42,249197,20210617
Pernod,4652,EGLV540100098852,3024,3024,2021/6/15 5:57,2021/6/17 13:42,249196,20210617
Pernod,15129,ONEYLIVB12176600,12600,6600,2021/6/15 3:35,2021/6/17 13:42,249185,20210617
Pernod,15129,ONEYLIVB12176600,60,6000,2021/6/15 3:35,2021/6/17 13:42,249235,20210617
Pernod,15560,ONEYLIVB12191300,4317,4317,2021/6/15 3:38,2021/6/17 13:42,249189,20210617
Pernod,BT0062,ONEYLIVB19626600,60,30,2021/6/15 3:40,2021/6/17 13:42,249236,20210617
Pernod,BT0062,ONEYLIVB19626600,20766,19944,2021/6/15 3:40,2021/6/17 13:42,249190,20210617
Pernod,BT0062,ONEYLIVB19626600,1584,792,2021/6/15 3:40,2021/6/17 13:42,249237,20210617
Pernod,WA0X50,GDY0242856,672,672,2021/6/15 10:00,2021/6/18 16:03,249278,20210618
Pernod,WA0X50,GDY0242856,13776,13104,2021/6/15 10:00,2021/6/18 16:03,249209,20210618
Pernod,30015,ONEYGOTB05379900,10080,10080,2021/6/15 10:10,2021/6/18 15:36,249218,20210618
Pernod,30087,ONEYGOTB05382300,3960,3960,2021/6/15 10:02,2021/6/18 13:25,249211,20210618
Pernod,30087,ONEYGOTB05382300,9900,9900,2021/6/15 10:02,2021/6/18 13:25,249210,20210618
Pernod,30087,ONEYGOTB05383400,13860,13860,2021/6/15 10:05,2021/6/18 15:36,249213,20210618
Pernod,34157,ONEYGOTB05384500,11340,6480,2021/6/15 10:08,2021/6/18 15:36,249216,20210618
Pernod,34157,ONEYGOTB05384500,4860,4860,2021/6/15 10:08,2021/6/18 15:36,249217,20210618
Pernod,36015,ONEYGOTB05385600,24624,24624,2021/6/15 10:06,2021/6/18 13:25,249215,20210618
Pernod,36015,ONEYGOTB05385600,2592,2592,2021/6/15 10:06,2021/6/18 13:25,249214,20210618
Pernod,30087,ONEYGOTB05386700,13860,13860,2021/6/15 10:15,2021/6/18 13:25,249222,20210618
Pernod,30087,ONEYGOTB05387800,13860,13860,2021/6/15 10:13,2021/6/18 13:25,249221,20210618
Pernod,30087,ONEYGOTB05403400,660,660,2021/6/15 10:12,2021/6/18 13:25,249219,20210618
Pernod,30087,ONEYGOTB05403400,13200,13200,2021/6/15 10:12,2021/6/18 13:25,249220,20210618
Pernod,15129,ONEYLIVB14774500,4200,4200,2021/6/15 3:41,2021/6/18 8:39,249192,20210618
Pernod,15126,ONEYLIVB14774500,1800,1800,2021/6/15 3:41,2021/6/18 8:39,249264,20210618
Pernod,15126,ONEYLIVB14774500,4200,2400,2021/6/15 3:41,2021/6/18 8:39,249191,20210618
Pernod,16217,ONEYLIVB16822800,90,90,2021/6/15 3:42,2021/6/18 8:39,249195,20210618
Pernod,BT1143,ONEYLIVB16822800,36288,24768,2021/6/15 3:42,2021/6/18 8:39,249193,20210618
Pernod,BT1143,ONEYLIVB16822800,11520,11520,2021/6/15 3:42,2021/6/18 8:39,249263,20210618
Pernod,11272,ONEYLIVB16822800,7560,7560,2021/6/15 3:42,2021/6/18 8:39,249194,20210618
Pernod,12946,ONEYLIVB16825400,3600,3600,2021/6/15 3:34,2021/6/18 8:39,249265,20210618
Pernod,12946,ONEYLIVB16825400,15120,11520,2021/6/15 3:34,2021/6/18 8:39,249184,20210618
Pernod,BT0085,ONEYLIVB16835500,24480,24480,2021/6/15 3:37,2021/6/18 8:39,249188,20210618
Pernod,11108,ONEYLIVB16835500,1236,1236,2021/6/15 3:37,2021/6/18 8:39,249187,20210618
Pernod,BT0126,ONEYLIVB16857900,12600,12600,2021/6/15 3:36,2021/6/18 8:39,249186,20210618
Pernod,DBR2N7,OOLU2121009257,18306,18306,2021/6/15 3:33,2021/6/18 8:39,249182,20210618
Pernod,DBR2N6,OOLU2121009257,174,174,2021/6/15 3:33,2021/6/18 8:39,249183,20210618
Pernod,30087,ONEYGOTB05381900,13860,13860,2021/6/15 10:03,2021/6/19 9:17,249212,20210619
Pernod,7707,EGLV540100057731,9240,9240,2021/6/17 8:11,2021/6/20 8:25,249244,20210620
Pernod,3906,EGLV540100065938,17280,12240,2021/6/17 9:12,2021/6/20 9:22,249255,20210620
Pernod,3906,EGLV540100065938,1440,1440,2021/6/17 9:12,2021/6/20 9:22,249313,20210620
Pernod,3906,EGLV540100065938,1440,1440,2021/6/17 9:12,2021/6/20 9:22,249314,20210620
Pernod,3906,EGLV540100065938,720,720,2021/6/17 9:12,2021/6/20 9:22,249315,20210620
Pernod,3906,EGLV540100065938,720,720,2021/6/17 9:12,2021/6/20 9:22,249316,20210620
Pernod,3906,EGLV540100065938,720,720,2021/6/17 9:12,2021/6/20 9:22,249317,20210620
Pernod,5797,EGLV540100093788,7920,7920,2021/6/17 8:04,2021/6/20 8:25,249310,20210620
Pernod,5797,EGLV540100093788,15840,7920,2021/6/17 8:04,2021/6/20 8:25,249239,20210620
Pernod,3807,EGLV540100093796,2160,2160,2021/6/17 9:13,2021/6/20 9:22,249330,20210620
Pernod,3807,EGLV540100093796,17280,8640,2021/6/17 9:13,2021/6/20 9:22,249256,20210620
Pernod,3807,EGLV540100093796,6480,6480,2021/6/17 9:13,2021/6/20 9:22,249329,20210620
Pernod,5537,EGLV540100093800,3600,3600,2021/6/17 8:06,2021/6/20 8:25,249295,20210620
Pernod,5537,EGLV540100093800,15840,12240,2021/6/17 8:06,2021/6/20 8:25,249240,20210620
Pernod,5797,EGLV540100093818,4320,4320,2021/6/17 8:07,2021/6/20 8:25,249292,20210620
Pernod,5797,EGLV540100093818,15840,11520,2021/6/17 8:07,2021/6/20 8:25,249241,20210620
Pernod,3807,EGLV540100093826,6480,6480,2021/6/17 9:14,2021/6/20 9:22,249334,20210620
Pernod,3807,EGLV540100093826,3600,3600,2021/6/17 9:14,2021/6/20 9:22,249335,20210620
Pernod,3807,EGLV540100093826,17280,7200,2021/6/17 9:14,2021/6/20 9:22,249257,20210620
Pernod,3633,EGLV540100093834,7590,3960,2021/6/17 8:09,2021/6/20 9:22,249243,20210620
Pernod,3633,EGLV540100093834,3630,3630,2021/6/17 8:09,2021/6/20 9:22,249312,20210620
Pernod,4636,EGLV540100093842,12672,4608,2021/6/17 8:12,2021/6/20 9:22,249245,20210620
Pernod,4636,EGLV540100093842,3456,3456,2021/6/17 8:12,2021/6/20 9:22,249331,20210620
Pernod,4636,EGLV540100093842,2880,2880,2021/6/17 8:12,2021/6/20 9:22,249332,20210620
Pernod,4636,EGLV540100093842,1728,1728,2021/6/17 8:12,2021/6/20 9:22,249333,20210620
Pernod,3601,EGLV540100093851,576,576,2021/6/17 9:15,2021/6/20 8:25,249291,20210620
Pernod,3601,EGLV540100093851,12672,3456,2021/6/17 9:15,2021/6/20 8:25,249258,20210620
Pernod,3601,EGLV540100093851,2304,2304,2021/6/17 9:15,2021/6/20 8:25,249286,20210620
Pernod,3601,EGLV540100093851,2304,2304,2021/6/17 9:15,2021/6/20 8:25,249287,20210620
Pernod,3601,EGLV540100093851,1728,1728,2021/6/17 9:15,2021/6/20 8:25,249288,20210620
Pernod,3601,EGLV540100093851,1728,1728,2021/6/17 9:15,2021/6/20 8:25,249289,20210620
Pernod,3601,EGLV540100093851,576,576,2021/6/17 9:15,2021/6/20 8:25,249290,20210620
Pernod,4636,EGLV540100093869,576,576,2021/6/17 8:08,2021/6/20 9:22,249323,20210620
Pernod,4636,EGLV540100093869,576,576,2021/6/17 8:08,2021/6/20 9:22,249322,20210620
Pernod,4636,EGLV540100093869,1152,1152,2021/6/17 8:08,2021/6/20 9:22,249321,20210620
Pernod,4636,EGLV540100093869,1152,1152,2021/6/17 8:08,2021/6/20 9:22,249320,20210620
Pernod,4636,EGLV540100093869,3456,3456,2021/6/17 8:08,2021/6/20 9:22,249319,20210620
Pernod,4636,EGLV540100093869,12672,5760,2021/6/17 8:08,2021/6/20 9:22,249242,20210620
Pernod,4636,EGLV540100098879,576,576,2021/6/16 2:22,2021/6/20 8:24,249299,20210620
Pernod,4636,EGLV540100098879,1728,1728,2021/6/16 2:22,2021/6/20 8:24,249296,20210620
Pernod,4636,EGLV540100098879,1728,1728,2021/6/16 2:22,2021/6/20 8:24,249297,20210620
Pernod,4636,EGLV540100098879,12672,6912,2021/6/16 2:22,2021/6/20 8:24,249225,20210620
Pernod,4636,EGLV540100098879,576,576,2021/6/16 2:22,2021/6/20 8:24,249300,20210620
Pernod,4636,EGLV540100098879,1152,1152,2021/6/16 2:22,2021/6/20 8:24,249298,20210620
Pernod,5797,EGLV540100103678,2880,2880,2021/6/17 8:18,2021/6/20 8:24,249306,20210620
Pernod,5797,EGLV540100103678,2160,2160,2021/6/17 8:18,2021/6/20 8:24,249307,20210620
Pernod,5797,EGLV540100103678,720,720,2021/6/17 8:18,2021/6/20 8:24,249308,20210620
Pernod,5797,EGLV540100103678,720,720,2021/6/17 8:18,2021/6/20 8:24,249309,20210620
Pernod,5797,EGLV540100103678,15840,9360,2021/6/17 8:18,2021/6/20 8:24,249250,20210620
Pernod,3906,EGLV540100103686,2160,2160,2021/6/17 9:18,2021/6/20 8:24,249303,20210620
Pernod,3906,EGLV540100103686,2880,2880,2021/6/17 9:18,2021/6/20 8:24,249301,20210620
Pernod,3906,EGLV540100103686,17280,6480,2021/6/17 9:18,2021/6/20 8:24,249262,20210620
Pernod,3906,EGLV540100103686,2880,2880,2021/6/17 9:18,2021/6/20 8:24,249302,20210620
Pernod,3906,EGLV540100103686,720,720,2021/6/17 9:18,2021/6/20 8:24,249305,20210620
Pernod,3906,EGLV540100103686,2160,2160,2021/6/17 9:18,2021/6/20 8:24,249304,20210620
Pernod,7707,EGLV540100103708,9240,9240,2021/6/17 8:19,2021/6/20 8:24,249251,20210620
Pernod,5797,EGLV540100103716,15840,15840,2021/6/17 8:14,2021/6/20 9:22,249247,20210620
Pernod,5797,EGLV540100103724,720,720,2021/6/17 8:16,2021/6/20 8:24,249282,20210620
Pernod,5797,EGLV540100103724,15840,12240,2021/6/17 8:16,2021/6/20 8:24,249248,20210620
Pernod,5797,EGLV540100103724,720,720,2021/6/17 8:16,2021/6/20 8:24,249281,20210620
Pernod,5797,EGLV540100103724,720,720,2021/6/17 8:16,2021/6/20 8:24,249283,20210620
Pernod,5797,EGLV540100103724,720,720,2021/6/17 8:16,2021/6/20 8:24,249284,20210620
Pernod,5797,EGLV540100103724,720,720,2021/6/17 8:16,2021/6/20 8:24,249285,20210620
Pernod,5797,EGLV540100103732,720,720,2021/6/17 8:13,2021/6/20 8:24,249294,20210620
Pernod,5797,EGLV540100103732,7200,7200,2021/6/17 8:13,2021/6/20 8:24,249293,20210620
Pernod,5797,EGLV540100103732,15840,7920,2021/6/17 8:13,2021/6/20 8:24,249246,20210620
Pernod,5797,EGLV540100103741,15840,5040,2021/6/17 8:17,2021/6/20 9:22,249249,20210620
Pernod,5797,EGLV540100103741,1440,1440,2021/6/17 8:17,2021/6/20 9:22,249328,20210620
Pernod,5797,EGLV540100103741,4320,4320,2021/6/17 8:17,2021/6/20 9:22,249327,20210620
Pernod,5797,EGLV540100103741,5040,5040,2021/6/17 8:17,2021/6/20 9:22,249326,20210620
Pernod,13849,ONEYLIVB16849300,1620,1620,2021/6/16 1:24,2021/6/20 9:22,249324,20210620
Pernod,13849,ONEYLIVB16849300,5430,3780,2021/6/16 1:24,2021/6/20 9:22,249224,20210620
Pernod,13849,ONEYLIVB16849300,30,30,2021/6/16 1:24,2021/6/20 9:22,249325,20210620
Pernod,BT0030,ONEYLIVB16853500,4500,4500,2021/6/16 1:23,2021/6/20 9:22,249318,20210620
Pernod,BT0030,ONEYLIVB16853500,18900,14400,2021/6/16 1:23,2021/6/20 9:22,249223,20210620
Pernod,4636,OOLU2666571710,3456,3456,2021/6/17 8:02,2021/6/20 9:22,249311,20210620
Pernod,4636,OOLU2666571710,12672,9216,2021/6/17 8:02,2021/6/20 9:22,249238,20210620
Pernod,7662,EGLV540100103694,12096,12096,2021/6/17 9:17,2021/6/21 17:02,249260,20210621
Pernod,8327,EGLV540100103694,78,78,2021/6/17 9:17,2021/6/21 17:02,249259,20210621
Pernod,9627,EGLV540100103694,2100,2100,2021/6/17 9:17,2021/6/21 17:02,249261,20210621
Pernod,PN0017,OOLU2122613050,1440,1440,2021/6/17 9:10,2021/6/21 17:02,249253,20210621
Pernod,12537,OOLU2122613050,540,540,2021/6/17 9:10,2021/6/21 17:02,249252,20210621
Pernod,RC0027,OOLU2122613050,3600,3600,2021/6/17 9:10,2021/6/21 17:02,249254,20210621
Pernod,4652,YMLUN800088930,756,756,2021/6/16 2:23,2021/6/21 17:02,249226,20210621
Pernod,4652,YMLUN800088930,1512,1512,2021/6/16 2:23,2021/6/21 17:02,249227,20210621
Pernod,4652,YMLUN800088930,3024,3024,2021/6/16 2:23,2021/6/21 17:02,249228,20210621
Pernod,HC0247,209952437,3000,3000,2021/6/18 8:06,2021/6/22 13:30,249342,20210622
Pernod,HC0247,209952437,18000,15000,2021/6/18 8:06,2021/6/22 13:30,249279,20210622
Pernod,JJ0067,ONEYDUBB00910700,8100,5400,2021/6/18 2:48,2021/6/22 15:04,249266,20210622
Pernod,JJ0067,ONEYDUBB00910700,900,900,2021/6/18 2:48,2021/6/22 15:04,249356,20210622
Pernod,JJ0067,ONEYDUBB00910700,900,900,2021/6/18 2:48,2021/6/22 15:04,249355,20210622
Pernod,JJ0067,ONEYDUBB00910700,900,900,2021/6/18 2:48,2021/6/22 15:04,249354,20210622
Pernod,JJ1007,ONEYDUBB00910700,600,600,2021/6/18 2:48,2021/6/22 15:04,249267,20210622
Pernod,35934,ONEYGOTB06541800,4800,4800,2021/6/18 2:50,2021/6/22 13:30,249340,20210622
Pernod,35934,ONEYGOTB06541800,19200,14400,2021/6/18 2:50,2021/6/22 13:30,249272,20210622
Pernod,35534,ONEYGOTB06541800,31680,23760,2021/6/18 2:50,2021/6/22 13:30,249268,20210622
Pernod,35806,ONEYGOTB06541800,2640,2640,2021/6/18 2:50,2021/6/22 13:30,249269,20210622
Pernod,35834,ONEYGOTB06541800,19200,19200,2021/6/18 2:50,2021/6/22 13:30,249270,20210622
Pernod,35906,ONEYGOTB06541800,3300,3300,2021/6/18 2:50,2021/6/22 13:30,249271,20210622
Pernod,35534,ONEYGOTB06541800,7920,7920,2021/6/18 2:50,2021/6/22 13:30,249339,20210622
Pernod,36024,ONEYGOTB06543300,95040,62040,2021/6/18 2:53,2021/6/22 13:30,249275,20210622
Pernod,36024,ONEYGOTB06543300,33000,33000,2021/6/18 2:53,2021/6/22 13:30,249341,20210622
Pernod,30015,ONEYGOTB06543300,4320,4320,2021/6/18 2:53,2021/6/22 13:30,249274,20210622
Pernod,35157,ONEYGOTB06545500,7488,6912,2021/6/18 2:54,2021/6/22 15:04,249276,20210622
Pernod,35317,ONEYGOTB06545500,4620,4620,2021/6/18 2:54,2021/6/22 15:04,249277,20210622
Pernod,35157,ONEYGOTB06545500,576,576,2021/6/18 2:54,2021/6/22 15:04,249351,20210622
Pernod,30015,ONEYGOTB06551900,10080,10080,2021/6/18 2:51,2021/6/22 13:30,249273,20210622
Pernod,5602,OOLU2663766780,26460,11340,2021/6/18 8:08,2021/6/22 15:04,249280,20210622
Pernod,5602,OOLU2663766780,8820,8820,2021/6/18 8:08,2021/6/22 15:04,249352,20210622
Pernod,5602,OOLU2663766780,6300,6300,2021/6/18 8:08,2021/6/22 15:04,249353,20210622
Pernod,ML0640,OOLU2122033930,3990,3990,2021/6/21 2:18,2021/6/23 13:18,249337,20210623
Pernod,ML0420,OOLU2122033930,131040,131040,2021/6/21 2:18,2021/6/23 13:18,249336,20210623
Pernod,ML0640,OOLU2122033939,13680,13680,2021/6/21 2:20,2021/6/23 15:15,249338,20210623
Pernod,15558,ONEYLIVB12189300,1200,1200,2021/6/22 6:01,2021/6/24 13:20,249343,20210624
Pernod,15647,ONEYLIVB12189300,1686,1686,2021/6/22 6:01,2021/6/24 13:20,249345,20210624
Pernod,16227,ONEYLIVB12189300,90,90,2021/6/22 6:01,2021/6/24 13:20,249346,20210624
Pernod,16217,ONEYLIVB12189300,426,426,2021/6/22 6:01,2021/6/24 13:20,249344,20210624
Pernod,11222,ONEYLIVB16830700,16632,16632,2021/6/22 7:41,2021/6/24 13:20,249377,20210624
Pernod,11222,ONEYLIVB16836600,16632,16632,2021/6/22 7:31,2021/6/24 13:20,249363,20210624
Pernod,36024,876-40329660,39600,39600,2021/6/23 1:11,2021/6/25 8:57,249378,20210625
Pernod,AB2246,ONEYLIVB12170700,5040,5040,2021/6/22 6:03,2021/6/25 8:57,249348,20210625
Pernod,15647,ONEYLIVB12170700,1386,1386,2021/6/22 6:03,2021/6/25 8:57,249350,20210625
Pernod,BT2208,ONEYLIVB12170700,660,660,2021/6/22 6:03,2021/6/25 8:57,249349,20210625
Pernod,LMN506,ONEYLIVB16827600,4098,4098,2021/6/22 7:34,2021/6/25 8:57,249366,20210625
Pernod,AB2246,ONEYLIVB16827600,4680,4680,2021/6/22 7:34,2021/6/25 8:57,249365,20210625
Pernod,12417,ONEYLIVB16837700,15120,15120,2021/6/22 7:24,2021/6/25 13:19,249357,20210625
Pernod,12417,ONEYLIVB16843400,15120,15120,2021/6/22 7:25,2021/6/25 13:19,249358,20210625
Pernod,CAP206,ONEYLIVB20528600,882,882,2021/6/22 7:37,2021/6/25 8:57,249370,20210625
Pernod,GLK106,ONEYLIVB20528600,450,450,2021/6/22 7:37,2021/6/25 8:57,249373,20210625
Pernod,GLK206,ONEYLIVB20528600,3726,3726,2021/6/22 7:37,2021/6/25 8:57,249374,20210625
Pernod,CAP106,ONEYLIVB20528600,768,768,2021/6/22 7:37,2021/6/25 8:57,249369,20210625
Pernod,GLK006,ONEYLIVB20528600,1020,1020,2021/6/22 7:37,2021/6/25 8:57,249372,20210625
Pernod,CPP006,ONEYLIVB20528600,390,390,2021/6/22 7:37,2021/6/25 8:57,249371,20210625
Pernod,11468,ONEYLIVB20535400,15120,15120,2021/6/23 1:13,2021/6/25 13:19,249379,20210625
Pernod,BT0030,ONEYLIVB20540700,18900,18900,2021/6/23 1:29,2021/6/25 13:19,249393,20210625
Pernod,11468,ONEYLIVB20551900,15120,15120,2021/6/22 7:26,2021/6/25 13:19,249359,20210625
Pernod,12946,ONEYLIVB20563500,15120,15120,2021/6/23 1:19,2021/6/25 8:57,249383,20210625
Pernod,BT0085,ONEYLIVB20567900,14400,14400,2021/6/22 6:02,2021/6/25 8:57,249421,20210625
Pernod,BT0085,ONEYLIVB20567900,30240,15840,2021/6/22 6:02,2021/6/25 8:57,249347,20210625
Pernod,12417,ONEYLIVB16846700,15120,15120,2021/6/22 7:35,2021/6/26 8:43,249367,20210626
Pernod,12417,ONEYLIVB16848900,15120,15120,2021/6/22 7:36,2021/6/26 8:43,249368,20210626
Pernod,12417,ONEYLIVB16852400,15120,15120,2021/6/22 7:40,2021/6/26 8:43,249376,20210626
Pernod,11468,ONEYLIVB16856800,15120,15120,2021/6/22 7:30,2021/6/26 8:43,249362,20210626
Pernod,11468,ONEYLIVB16859400,15120,15120,2021/6/22 7:29,2021/6/26 8:43,249361,20210626
Pernod,12946,ONEYLIVB20536500,15120,15120,2021/6/22 7:28,2021/6/26 8:43,249360,20210626
Pernod,12417,ONEYLIVB20544400,15120,15120,2021/6/22 7:39,2021/6/26 8:43,249375,20210626
Pernod,11468,ONEYLIVB20550800,15120,15120,2021/6/22 7:32,2021/6/26 8:43,249364,20210626
Pernod,HC0447,210473979,3000,3000,2021/6/24 23:49,2021/6/27 16:12,249410,20210627
Pernod,HC0247,210473979,6000,6000,2021/6/24 23:49,2021/6/27 16:12,249409,20210627
Pernod,CRT116,232-49217210 AKPVG3868318,204,204,2021/6/25 1:17,2021/6/27 17:02,249428,20210627
Pernod,CRR218,232-49217210 AKPVG3868318,240,240,2021/6/25 1:17,2021/6/27 17:02,249425,20210627
Pernod,CRV316,232-49217210 AKPVG3868318,180,180,2021/6/25 1:17,2021/6/27 17:02,249427,20210627
Pernod,CRV018,232-49217210 AKPVG3868318,180,180,2021/6/25 1:17,2021/6/27 17:02,249426,20210627
Pernod,CRR018,232-49217210 AKPVG3868318,240,240,2021/6/25 1:17,2021/6/27 17:02,249423,20210627
Pernod,CRV418,232-49217210 AKPVG3868318,30,30,2021/6/25 1:17,2021/6/27 17:02,249424,20210627
Pernod,CRR119,232-49217210 AKPVG3868318,240,240,2021/6/25 1:17,2021/6/27 17:02,249422,20210627
Pernod,CRT215,232-49217210 AKPVG3868318,180,180,2021/6/25 1:17,2021/6/27 17:02,249429,20210627
Pernod,5797,EGLV540100057757,15840,12240,2021/6/24 8:47,2021/6/27 12:47,249408,20210627
Pernod,5797,EGLV540100057757,3600,3600,2021/6/24 8:47,2021/6/27 12:47,249439,20210627
Pernod,5797,EGLV540100106901,2160,2160,2021/6/24 8:44,2021/6/27 16:12,249449,20210627
Pernod,5797,EGLV540100106901,720,720,2021/6/24 8:44,2021/6/27 16:12,249450,20210627
Pernod,5797,EGLV540100106901,3600,3600,2021/6/24 8:44,2021/6/27 16:12,249451,20210627
Pernod,5797,EGLV540100106901,15840,6480,2021/6/24 8:44,2021/6/27 16:12,249406,20210627
Pernod,5797,EGLV540100106901,2880,2880,2021/6/24 8:44,2021/6/27 16:12,249448,20210627
Pernod,5797,EGLV540100106910,2880,2880,2021/6/24 8:45,2021/6/27 12:47,249441,20210627
Pernod,5797,EGLV540100106910,720,720,2021/6/24 8:45,2021/6/27 12:47,249442,20210627
Pernod,5797,EGLV540100106910,720,720,2021/6/24 8:45,2021/6/27 12:47,249443,20210627
Pernod,5797,EGLV540100106910,15840,6480,2021/6/24 8:45,2021/6/27 12:47,249407,20210627
Pernod,5797,EGLV540100106910,5040,5040,2021/6/24 8:45,2021/6/27 12:47,249440,20210627
Pernod,30087,ONEYGOTB06544400,13860,13860,2021/6/25 0:02,2021/6/27 7:37,249420,20210627
Pernod,35006,ONEYGOTB06546600,13860,13860,2021/6/24 23:59,2021/6/27 7:37,249418,20210627
Pernod,30087,ONEYGOTB06548800,13860,13860,2021/6/25 0:01,2021/6/27 7:37,249419,20210627
Pernod,15558,ONEYLIVB16799700,12600,12600,2021/6/23 1:15,2021/6/27 7:37,249381,20210627
Pernod,15307,ONEYLIVB16802600,8064,4992,2021/6/23 1:20,2021/6/27 7:59,249384,20210627
Pernod,15307,ONEYLIVB16802600,3072,3072,2021/6/23 1:20,2021/6/27 7:59,249433,20210627
Pernod,15307,ONEYLIVB16807400,6576,6576,2021/6/23 1:22,2021/6/27 7:37,249386,20210627
Pernod,15307,ONEYLIVB16809600,8064,8064,2021/6/23 1:21,2021/6/27 7:37,249385,20210627
Pernod,15307,ONEYLIVB16810500,7446,7446,2021/6/23 1:17,2021/6/27 7:37,249382,20210627
Pernod,12205,ONEYLIVB16823900,16548,16548,2021/6/23 1:36,2021/6/27 12:47,249398,20210627
Pernod,11222,ONEYLIVB16862500,16632,16632,2021/6/24 23:52,2021/6/27 12:47,249413,20210627
Pernod,15558,ONEYLIVB20529700,7800,7800,2021/6/23 1:24,2021/6/27 10:52,249389,20210627
Pernod,GLK106,ONEYLIVB20529700,1230,1230,2021/6/23 1:24,2021/6/27 10:52,249390,20210627
Pernod,13037,ONEYLIVB20529700,1800,1800,2021/6/23 1:24,2021/6/27 10:52,249388,20210627
Pernod,11222,ONEYLIVB20530600,16632,16632,2021/6/23 1:23,2021/6/27 7:37,249387,20210627
Pernod,CPP206,ONEYLIVB20531700,918,918,2021/6/24 23:51,2021/6/27 16:12,249446,20210627
Pernod,CPP206,ONEYLIVB20531700,1200,1200,2021/6/24 23:51,2021/6/27 16:12,249445,20210627
Pernod,11468,ONEYLIVB20531700,720,720,2021/6/24 23:51,2021/6/27 16:12,249444,20210627
Pernod,CPP206,ONEYLIVB20531700,2442,324,2021/6/24 23:51,2021/6/27 16:12,249412,20210627
Pernod,11468,ONEYLIVB20531700,12240,11520,2021/6/24 23:51,2021/6/27 16:12,249411,20210627
Pernod,12417,ONEYLIVB20537600,15120,15120,2021/6/24 23:55,2021/6/27 16:12,249415,20210627
Pernod,13849,ONEYLIVB20538700,5670,5670,2021/6/23 1:32,2021/6/27 7:37,249394,20210627
Pernod,15129,ONEYLIVB20541800,12228,12228,2021/6/23 1:28,2021/6/27 7:37,249392,20210627
Pernod,11222,ONEYLIVB20543300,16632,16632,2021/6/24 23:54,2021/6/27 16:12,249414,20210627
Pernod,12417,ONEYLIVB20547700,2640,2640,2021/6/24 23:57,2021/6/27 16:12,249447,20210627
Pernod,12417,ONEYLIVB20547700,14160,11520,2021/6/24 23:57,2021/6/27 16:12,249416,20210627
Pernod,11014,ONEYLIVB20555600,16200,16200,2021/6/23 1:27,2021/6/27 7:59,249435,20210627
Pernod,11014,ONEYLIVB20555600,10800,10800,2021/6/23 1:27,2021/6/27 7:59,249436,20210627
Pernod,11014,ONEYLIVB20555600,113400,5400,2021/6/23 1:27,2021/6/27 7:59,249391,20210627
Pernod,11014,ONEYLIVB20555600,16200,16200,2021/6/23 1:27,2021/6/27 7:59,249437,20210627
Pernod,11014,ONEYLIVB20555600,64800,64800,2021/6/23 1:27,2021/6/27 7:59,249434,20210627
Pernod,BT0064,ONEYLIVB20557800,65160,65160,2021/6/24 23:58,2021/6/27 16:12,249453,20210627
Pernod,BT0064,ONEYLIVB20557800,259560,129600,2021/6/24 23:58,2021/6/27 16:12,249417,20210627
Pernod,BT0064,ONEYLIVB20557800,64800,64800,2021/6/24 23:58,2021/6/27 16:12,249452,20210627
Pernod,18017,ONEYLIVB20559300,7200,7200,2021/6/23 1:34,2021/6/27 7:59,249397,20210627
Pernod,BF1004,ONEYLIVB20559300,86400,5760,2021/6/23 1:34,2021/6/27 7:59,249396,20210627
Pernod,BF1004,ONEYLIVB20559300,11520,11520,2021/6/23 1:34,2021/6/27 7:59,249432,20210627
Pernod,BF1004,ONEYLIVB20559300,34560,34560,2021/6/23 1:34,2021/6/27 7:59,249431,20210627
Pernod,BF1004,ONEYLIVB20559300,34560,34560,2021/6/23 1:34,2021/6/27 7:59,249430,20210627
Pernod,BTB016,ONEYLIVB20569400,15120,15120,2021/6/23 1:33,2021/6/27 12:47,249395,20210627
Pernod,BF0936,ONEYLIVB24173600,18900,18900,2021/6/23 1:14,2021/6/27 7:37,249380,20210627
Pernod,DBSP18,OOLU2121146170,18480,18480,2021/6/24 8:43,2021/6/27 16:12,249405,20210627
Pernod,DBR2N7,OOLU2121146177,18480,18480,2021/6/24 8:42,2021/6/27 7:37,249404,20210627
Pernod,DBS0N8,OOLU2121146178,8400,8400,2021/6/24 8:41,2021/6/27 7:37,249403,20210627
Pernod,DBSP18,OOLU2121146179,5040,5040,2021/6/24 8:39,2021/6/27 7:37,249402,20210627
Pernod,DBR418,OOLU2121146179,13440,13440,2021/6/24 8:39,2021/6/27 7:37,249401,20210627
Pernod,KA0680,OOLU2664962120*02,2520,2520,2021/6/24 5:23,2021/6/27 7:59,249438,20210627
Pernod,KA0680,OOLU2664962120*02,4572,2052,2021/6/24 5:23,2021/6/27 7:59,249399,20210627
Pernod,5685,OOLU2666569800,10080,10080,2021/6/24 8:38,2021/6/27 16:12,249400,20210627
