wms_company_id,sku_code,order_id,shipment_id,order_line,original_order_qty,shipped_qty,create_date,closed_date
Michelin,950403_106,3874898,176261.0,1133023.0,1408.0,1408.0,2021-06-01 00:21:01,2021-06-01 09:20:57
Michelin,028937_108,5400001558,176272.0,1133051.0,6.0,6.0,2021-06-01 03:41:02,2021-06-01 13:46:48
Michelin,362124_112,3854168,174722.0,1122811.0,50.0,50.0,2021-05-26 01:31:01,2021-06-02 14:25:36
Michelin,825202_109,3875116,176268.0,1133043.0,640.0,640.0,2021-06-01 03:31:03,2021-06-02 15:25:32
Michelin,401328_105,3875116,176268.0,1133042.0,160.0,160.0,2021-06-01 03:31:03,2021-06-02 15:25:32
Michelin,710345_120,3875440,176309.0,1133184.0,5.0,5.0,2021-06-01 05:31:08,2021-06-02 15:58:44
Michelin,825202_109,3878458,176486.0,1134130.0,800.0,800.0,2021-06-02 03:01:01,2021-06-02 15:25:22
Michelin,362124_112,3878915,176562.0,1134507.0,200.0,200.0,2021-06-02 05:46:02,2021-06-02 14:25:31
Michelin,028937_108,5400001560,176488.0,1134132.0,6.0,6.0,2021-06-02 03:11:01,2021-06-02 15:25:40
Michelin,439132_101,CTSC21060201,176436.0,1133845.0,40.0,40.0,2021-06-02 01:11:01,2021-06-02 16:15:45
Michelin,495612_124,CTSC21060201,176436.0,1133844.0,150.0,150.0,2021-06-02 01:11:01,2021-06-02 16:15:45
Michelin,485685_108,3862707,175462.0,1129002.0,880.0,880.0,2021-05-28 08:46:01,2021-06-03 17:47:31
Michelin,243266_101,3875373,176307.0,1133179.0,504.0,504.0,2021-06-01 05:11:05,2021-06-03 17:47:16
Michelin,243266_101,3875376,176306.0,1133178.0,504.0,504.0,2021-06-01 05:11:02,2021-06-03 17:47:16
Michelin,693182_102,3875378,176308.0,1133180.0,52.0,52.0,2021-06-01 05:11:06,2021-06-03 17:47:17
Michelin,693182_102,3875378,176308.0,1133182.0,98.0,98.0,2021-06-01 05:11:06,2021-06-03 17:47:17
Michelin,693182_102,3875378,176308.0,1133183.0,134.0,134.0,2021-06-01 05:11:06,2021-06-03 17:47:17
Michelin,693182_102,3875378,176308.0,1133181.0,196.0,196.0,2021-06-01 05:11:06,2021-06-03 17:47:17
Michelin,047665_101,3878461,176487.0,1134131.0,600.0,600.0,2021-06-02 03:06:01,2021-06-03 17:48:25
Michelin,950403_106,3881051,176699.0,1136324.0,1408.0,1408.0,2021-06-02 11:16:06,2021-06-03 07:50:21
Michelin,243266_101,3878650,176503.0,1134264.0,504.0,504.0,2021-06-02 03:51:04,2021-06-04 16:50:11
Michelin,693182_102,3883443,176776.0,1136700.0,480.0,480.0,2021-06-03 04:36:02,2021-06-04 16:50:11
Michelin,693182_102,3883704,176780.0,1136744.0,400.0,400.0,2021-06-03 06:26:01,2021-06-04 16:50:11
Michelin,693182_102,3883704,176780.0,1136743.0,80.0,80.0,2021-06-03 06:26:01,2021-06-04 16:50:11
Michelin,950403_106,3886861,176906.0,1138250.0,1760.0,1760.0,2021-06-03 12:31:01,2021-06-04 11:22:50
Michelin,407678_107,CTSC21060401,176863.0,1137464.0,300.0,300.0,2021-06-03 10:01:02,2021-06-04 11:21:13
Michelin,176757_899,SITC21060401,176999.0,1138779.0,436.0,436.0,2021-06-04 05:56:01,2021-06-04 15:12:47
Michelin,401328_105,3878906,176557.0,1134502.0,800.0,800.0,2021-06-02 05:46:02,2021-06-05 16:41:42
Michelin,401328_105,3878907,176556.0,1134501.0,800.0,800.0,2021-06-02 05:46:02,2021-06-05 16:41:42
Michelin,243266_101,3887378,176973.0,1138426.0,268.0,268.0,2021-06-04 02:31:01,2021-06-05 18:09:38
Michelin,243266_101,3887378,176973.0,1138428.0,98.0,98.0,2021-06-04 02:31:01,2021-06-05 18:09:38
Michelin,243266_101,3887378,176973.0,1138427.0,42.0,42.0,2021-06-04 02:31:01,2021-06-05 18:09:38
Michelin,243266_101,3887378,176973.0,1138424.0,56.0,56.0,2021-06-04 02:31:01,2021-06-05 18:09:38
Michelin,243266_101,3887378,176973.0,1138425.0,40.0,40.0,2021-06-04 02:31:01,2021-06-05 18:09:38
Michelin,120217_105,3887594,176977.0,1138481.0,810.0,810.0,2021-06-04 03:26:01,2021-06-05 18:09:38
Michelin,825202_101,3888402,177006.0,1138809.0,750.0,750.0,2021-06-04 06:56:00,2021-06-05 18:09:38
Michelin,215487_110,3888541,177070.0,1138942.0,760.0,760.0,2021-06-04 07:31:02,2021-06-05 18:10:59
Michelin,215487_110,3888542,177071.0,1138943.0,760.0,760.0,2021-06-04 07:31:02,2021-06-05 18:11:53
Michelin,215487_110,3888543,177072.0,1138944.0,760.0,760.0,2021-06-04 07:36:04,2021-06-05 18:10:59
Michelin,215487_110,3888545,177074.0,1138946.0,760.0,760.0,2021-06-04 07:36:04,2021-06-05 18:11:54
Michelin,215487_110,3888547,177073.0,1138945.0,760.0,760.0,2021-06-04 07:36:04,2021-06-05 18:11:53
Michelin,950403_106,3888548,177075.0,1138947.0,1760.0,1760.0,2021-06-04 07:36:04,2021-06-05 10:27:59
Michelin,362124_108,3871796,176139.0,1132190.0,200.0,200.0,2021-05-31 08:21:05,2021-06-06 16:20:21
Michelin,401328_105,3878910,176560.0,1134505.0,800.0,800.0,2021-06-02 05:46:02,2021-06-06 16:19:55
Michelin,401328_105,3878920,176563.0,1134508.0,800.0,800.0,2021-06-02 05:51:02,2021-06-06 16:20:12
Michelin,950403_106,3888710,177086.0,1139389.0,1760.0,1760.0,2021-06-04 08:16:06,2021-06-06 16:28:05
Michelin2,372838_999,CPP21060501,177400.0,1141453.0,1.0,1.0,2021-06-05 13:36:03,2021-06-06 04:56:01
Michelin2,372838_999,CPP21060501,177400.0,1141452.0,1.0,1.0,2021-06-05 13:36:03,2021-06-06 04:56:01
Michelin2,372838_999,CPP21060501,177400.0,1141451.0,1.0,1.0,2021-06-05 13:36:03,2021-06-06 04:56:01
Michelin,401328_105,3878918,176559.0,1134504.0,800.0,800.0,2021-06-02 05:46:02,2021-06-07 15:00:25
Michelin,401328_105,3878922,176564.0,1134509.0,800.0,800.0,2021-06-02 05:51:02,2021-06-07 15:00:31
Michelin,950403_106,3888770,177089.0,1139399.0,1760.0,1760.0,2021-06-04 08:26:02,2021-06-07 11:06:26
Michelin,428635_101,3889263,177138.0,1139761.0,420.0,420.0,2021-06-04 09:11:02,2021-06-07 18:43:39
Michelin,362124_112,3892631,177300.0,1140970.0,288.0,288.0,2021-06-05 06:41:01,2021-06-07 13:16:39
Michelin,677456_104,3814038,172105.0,1101150.0,500.0,500.0,2021-05-14 08:26:05,2021-06-08 17:14:08
Michelin,495612_124,3879656,176636.0,1135796.0,550.0,550.0,2021-06-02 08:41:02,2021-06-08 13:22:49
Michelin,495612_124,3879673,176637.0,1135797.0,550.0,550.0,2021-06-02 08:41:02,2021-06-08 13:22:49
Michelin,120217_105,3887597,176978.0,1138482.0,810.0,810.0,2021-06-04 03:26:01,2021-06-08 17:14:18
Michelin,839180_101,3887710,176981.0,1141968.0,750.0,37.0,2021-06-04 03:51:01,2021-06-08 17:14:18
Michelin,839180_101,3887710,176981.0,1138488.0,750.0,713.0,2021-06-04 03:51:01,2021-06-08 17:14:18
Michelin,839180_101,3887712,176986.0,1138502.0,750.0,750.0,2021-06-04 03:51:02,2021-06-08 17:14:18
Michelin,839180_101,3887714,176987.0,1138503.0,750.0,750.0,2021-06-04 03:51:02,2021-06-08 17:14:17
Michelin,428635_101,3889278,177139.0,1139762.0,420.0,420.0,2021-06-04 09:11:02,2021-06-08 17:14:08
Michelin,428635_101,3889285,177142.0,1139765.0,420.0,420.0,2021-06-04 09:11:02,2021-06-08 17:14:08
Michelin,710345_120,3897272,177531.0,1142072.0,340.0,340.0,2021-06-07 03:21:01,2021-06-08 12:51:26
Michelin,892524_115,3897713,177649.0,1142229.0,979.0,979.0,2021-06-07 05:26:02,2021-06-08 17:14:33
Michelin,996667_103,3902131,177865.0,1143906.0,539.0,539.0,2021-06-07 22:16:01,2021-06-08 13:00:27
Michelin,439132_101,CTSC21060801,177866.0,1143907.0,50.0,50.0,2021-06-08 00:21:01,2021-06-08 18:27:11
Michelin,495612_124,CTSC21060802,177989.0,1144418.0,50.0,50.0,2021-06-08 07:26:01,2021-06-08 18:28:01
Michelin,677456_104,3814041,172106.0,1101151.0,500.0,500.0,2021-05-14 08:26:05,2021-06-09 18:02:27
Michelin,495612_124,3879677,176641.0,1135841.0,550.0,550.0,2021-06-02 08:41:05,2021-06-09 13:13:55
Michelin,428635_101,3889295,177141.0,1139764.0,420.0,420.0,2021-06-04 09:11:02,2021-06-09 18:02:28
Michelin,428635_101,3889304,177146.0,1139774.0,420.0,420.0,2021-06-04 09:16:02,2021-06-09 18:02:28
Michelin,439132_101,3889410,177150.0,1139782.0,405.0,405.0,2021-06-04 09:16:03,2021-06-09 13:06:58
Michelin,401328_105,3897123,177523.0,1142037.0,800.0,800.0,2021-06-07 02:21:05,2021-06-09 13:13:44
Michelin,401328_105,3897124,177524.0,1142038.0,800.0,800.0,2021-06-07 02:21:05,2021-06-09 13:13:44
Michelin,389858_111,3897383,177639.0,1142195.0,370.0,370.0,2021-06-07 03:56:02,2021-06-09 18:02:55
Michelin,243266_101,3899685,177756.0,1142710.0,504.0,504.0,2021-06-07 08:16:03,2021-06-09 18:02:42
Michelin,243266_101,3899688,177757.0,1142711.0,504.0,504.0,2021-06-07 08:16:04,2021-06-09 18:02:42
Michelin,693182_102,3899704,177759.0,1142728.0,74.0,74.0,2021-06-07 08:16:04,2021-06-09 18:02:42
Michelin,693182_102,3899704,177759.0,1142727.0,70.0,70.0,2021-06-07 08:16:04,2021-06-09 18:02:42
Michelin,693182_102,3899704,177759.0,1142726.0,336.0,336.0,2021-06-07 08:16:04,2021-06-09 18:02:42
Michelin,362124_112,3902929,177881.0,1143999.0,612.0,612.0,2021-06-08 03:56:01,2021-06-09 13:06:42
Michelin,950403_106,3904403,178006.0,1144615.0,704.0,704.0,2021-06-08 08:56:01,2021-06-09 00:02:08
Michelin,555774_101,3907001,178102.0,1145443.0,120.0,120.0,2021-06-08 13:41:01,2021-06-09 12:38:27
Michelin,495612_124,3879715,176644.0,1135862.0,550.0,550.0,2021-06-02 08:51:01,2021-06-10 15:08:22
Michelin,839180_101,3887711,176982.0,1138489.0,750.0,750.0,2021-06-04 03:51:01,2021-06-10 13:50:23
Michelin,839180_101,3887718,176988.0,1138504.0,750.0,750.0,2021-06-04 03:56:01,2021-06-10 13:50:23
Michelin,677456_104,3897922,177655.0,1142239.0,500.0,500.0,2021-06-07 05:56:02,2021-06-10 13:51:24
Michelin,428635_101,3899058,177704.0,1142305.0,420.0,420.0,2021-06-07 07:01:06,2021-06-10 13:51:26
Michelin,428635_101,3899059,177705.0,1142306.0,420.0,420.0,2021-06-07 07:01:07,2021-06-10 13:51:25
Michelin,428635_101,3899061,177706.0,1142307.0,420.0,420.0,2021-06-07 07:01:07,2021-06-10 13:51:25
Michelin,439132_101,3899100,177711.0,1142312.0,405.0,405.0,2021-06-07 07:06:09,2021-06-10 14:49:30
Michelin,423336_115,3903869,178000.0,1144570.0,24.0,24.0,2021-06-08 08:06:03,2021-06-10 14:49:30
Michelin,423336_115,3903869,178000.0,1144571.0,102.0,102.0,2021-06-08 08:06:03,2021-06-10 14:49:30
Michelin,839180_101,3887723,176989.0,1138505.0,750.0,750.0,2021-06-04 03:56:01,2021-06-11 18:04:58
Michelin,839180_101,3887730,176990.0,1138506.0,750.0,750.0,2021-06-04 03:56:01,2021-06-11 18:04:58
Michelin,839180_101,3887733,176991.0,1138507.0,750.0,750.0,2021-06-04 03:56:01,2021-06-11 18:04:58
Michelin,428635_101,3899062,177707.0,1142308.0,420.0,420.0,2021-06-07 07:01:07,2021-06-11 18:05:36
Michelin,428635_101,3899064,177708.0,1142309.0,420.0,420.0,2021-06-07 07:06:05,2021-06-11 18:05:36
Michelin,439132_101,3899110,177712.0,1142313.0,405.0,405.0,2021-06-07 07:06:11,2021-06-11 08:39:47
Michelin,243266_101,3902638,177869.0,1143913.0,282.0,282.0,2021-06-08 02:31:03,2021-06-11 18:04:58
Michelin,243266_101,3902638,177869.0,1143912.0,222.0,222.0,2021-06-08 02:31:03,2021-06-11 18:04:58
Michelin,693182_102,3902640,177870.0,1143914.0,480.0,480.0,2021-06-08 02:31:05,2021-06-11 18:04:58
Michelin,243266_101,3908197,178207.0,1145710.0,152.0,152.0,2021-06-09 03:56:01,2021-06-11 18:04:58
Michelin,243266_101,3908197,178207.0,1145711.0,126.0,126.0,2021-06-09 03:56:01,2021-06-11 18:04:58
Michelin,243266_101,3908197,178207.0,1145708.0,70.0,70.0,2021-06-09 03:56:01,2021-06-11 18:04:58
Michelin,243266_101,3908197,178207.0,1145709.0,156.0,156.0,2021-06-09 03:56:01,2021-06-11 18:04:58
Michelin,693182_102,3908350,178219.0,1145744.0,400.0,400.0,2021-06-09 05:16:01,2021-06-11 18:04:58
Michelin,693182_102,3908350,178219.0,1145743.0,80.0,80.0,2021-06-09 05:16:01,2021-06-11 18:04:58
Michelin,876384_112,3914167,178395.0,1147121.0,100.0,100.0,2021-06-10 03:06:01,2021-06-11 13:23:59
Michelin,215487_110,3914968,178459.0,1147275.0,760.0,760.0,2021-06-10 06:46:02,2021-06-11 18:05:47
Michelin,215487_110,3914987,178460.0,1147276.0,760.0,760.0,2021-06-10 06:51:03,2021-06-11 18:05:47
Michelin,950403_106,3917840,178582.0,1148366.0,1760.0,1760.0,2021-06-11 00:16:02,2021-06-11 13:59:06
Michelin,665821_102,3918160,178602.0,1148447.0,400.0,400.0,2021-06-11 03:46:08,2021-06-11 12:26:52
Michelin,950403_106,3920448,178818.0,1149436.0,1760.0,1760.0,2021-06-11 11:11:01,2021-06-11 22:40:49
Michelin,370807_107,CTSC21061001,178495.0,1147424.0,58.0,58.0,2021-06-10 07:56:01,2021-06-11 10:29:49
Michelin,412586_105,CTSC21061001,178495.0,1147426.0,9.0,9.0,2021-06-10 07:56:01,2021-06-11 10:29:49
Michelin,677456_107,CTSC21061001,178495.0,1147423.0,1.0,1.0,2021-06-10 07:56:01,2021-06-11 10:29:49
Michelin,412586_105,CTSC21061001,178495.0,1147425.0,36.0,36.0,2021-06-10 07:56:01,2021-06-11 10:29:49
Michelin,428635_101,3899065,177709.0,1142310.0,420.0,420.0,2021-06-07 07:06:09,2021-06-12 19:13:04
Michelin,428635_101,3899067,177710.0,1142311.0,420.0,420.0,2021-06-07 07:06:09,2021-06-12 19:13:04
Michelin,439132_101,3899111,177713.0,1142314.0,405.0,405.0,2021-06-07 07:11:04,2021-06-12 13:16:21
Michelin,243266_101,3915535,178497.0,1147464.0,110.0,110.0,2021-06-10 08:11:04,2021-06-12 19:12:46
Michelin,243266_101,3915535,178497.0,1147463.0,196.0,196.0,2021-06-10 08:11:04,2021-06-12 19:12:46
Michelin,243266_101,3915535,178497.0,1147462.0,182.0,182.0,2021-06-10 08:11:04,2021-06-12 19:12:46
Michelin,243266_101,3915535,178497.0,1147461.0,16.0,16.0,2021-06-10 08:11:04,2021-06-12 19:12:46
Michelin,693182_102,3915537,178498.0,1147465.0,480.0,480.0,2021-06-10 08:16:01,2021-06-12 19:12:46
Michelin,389858_111,3917939,178585.0,1148373.0,350.0,350.0,2021-06-11 02:01:01,2021-06-12 19:12:55
Michelin,243266_101,3918034,178593.0,1148402.0,504.0,504.0,2021-06-11 02:51:01,2021-06-12 19:12:46
Michelin,710345_120,3918243,178653.0,1149413.0,340.0,17.0,2021-06-11 04:51:02,2021-06-12 13:11:18
Michelin,710345_120,3918243,178653.0,1148517.0,340.0,323.0,2021-06-11 04:51:02,2021-06-12 13:11:18
Michelin,825202_109,3918285,178655.0,1148519.0,800.0,800.0,2021-06-11 05:06:01,2021-06-13 14:18:47
Michelin,825202_109,3918287,178654.0,1148518.0,800.0,800.0,2021-06-11 05:06:01,2021-06-13 14:18:47
Michelin,428635_101,3919702,178763.0,1149251.0,420.0,420.0,2021-06-11 09:31:04,2021-06-13 18:38:30
Michelin,428635_101,3919707,178764.0,1149252.0,420.0,420.0,2021-06-11 09:31:04,2021-06-13 18:38:30
Michelin,428635_101,3919712,178768.0,1149267.0,420.0,420.0,2021-06-11 09:31:05,2021-06-13 18:38:30
Michelin,439132_101,3919771,178800.0,1149305.0,405.0,405.0,2021-06-11 09:36:01,2021-06-13 14:09:48
Michelin,439132_101,3919777,178801.0,1149306.0,405.0,405.0,2021-06-11 09:36:01,2021-06-13 14:09:48
Michelin,950403_106,3923725,179000.0,1151195.0,2112.0,2112.0,2021-06-12 16:11:01,2021-06-13 03:26:29
Michelin,950403_106,3923809,179007.0,1151260.0,1760.0,1760.0,2021-06-13 02:16:01,2021-06-13 16:29:22
Michelin,409427_106,CTSC21061301,179006.0,1151259.0,28.0,28.0,2021-06-13 00:51:00,2021-06-13 18:38:22
Michelin,095259_105,CTSC21061301,179006.0,1151258.0,56.0,56.0,2021-06-13 00:51:00,2021-06-13 18:38:22
Michelin,370807_107,CTSC21061301,179006.0,1151257.0,58.0,58.0,2021-06-13 00:51:00,2021-06-13 18:38:22
Michelin,215487_110,CTSC21061301,179006.0,1151256.0,27.0,27.0,2021-06-13 00:51:00,2021-06-13 18:38:22
Michelin,503105_108,CTSC21061301,179006.0,1151255.0,100.0,100.0,2021-06-13 00:51:00,2021-06-13 18:38:22
Michelin,495612_124,3917989,178589.0,1148398.0,550.0,550.0,2021-06-11 02:31:02,2021-06-14 15:31:15
Michelin,389858_111,3923855,179008.0,1151261.0,210.0,210.0,2021-06-13 03:51:01,2021-06-14 16:25:16
Michelin,825202_109,3918403,178668.0,1148545.0,36.0,36.0,2021-06-11 05:51:03,2021-06-15 10:40:00
Michelin,428635_101,3919716,178765.0,1149253.0,420.0,420.0,2021-06-11 09:31:04,2021-06-15 12:21:00
Michelin,428635_101,3919720,178770.0,1149269.0,420.0,420.0,2021-06-11 09:31:06,2021-06-15 12:21:01
Michelin,439132_101,3919783,178802.0,1149307.0,405.0,405.0,2021-06-11 09:36:01,2021-06-15 10:40:00
Michelin,950403_106,3928197,179307.0,1152114.0,1760.0,1760.0,2021-06-15 05:26:01,2021-06-15 15:38:48
Michelin,892524_115,5400001571,179300.0,1152100.0,14.0,14.0,2021-06-15 05:16:01,2021-06-15 13:33:07
Michelin,495612_124,3917990,178590.0,1148399.0,550.0,550.0,2021-06-11 02:31:03,2021-06-16 13:09:06
Michelin,495612_124,3917991,178591.0,1148400.0,550.0,550.0,2021-06-11 02:36:01,2021-06-16 13:09:07
Michelin,955962_119,3917992,178592.0,1148401.0,200.0,200.0,2021-06-11 02:36:01,2021-06-16 13:01:38
Michelin,485685_108,3919408,178756.0,1149182.0,1008.0,1008.0,2021-06-11 09:01:04,2021-06-16 22:03:10
Michelin,428635_101,3919730,178769.0,1149268.0,420.0,420.0,2021-06-11 09:31:06,2021-06-16 19:38:00
Michelin,428635_101,3919733,178773.0,1149272.0,420.0,420.0,2021-06-11 09:31:06,2021-06-16 19:38:00
Michelin,439132_101,3919790,178803.0,1149308.0,405.0,405.0,2021-06-11 09:36:01,2021-06-16 13:06:56
Michelin,950403_106,3933275,179598.0,1153340.0,1971.0,1971.0,2021-06-16 02:56:01,2021-06-16 15:40:11
Michelin,555774_101,3936131,179795.0,1154600.0,1056.0,1056.0,2021-06-16 10:51:01,2021-06-16 19:17:48
Michelin,401328_105,5400001575,179672.0,1153521.0,3.0,3.0,2021-06-16 04:41:02,2021-06-16 13:10:47
Michelin,964829_107,CTSC21061601,179571.0,1153257.0,274.0,274.0,2021-06-16 00:16:02,2021-06-16 13:34:36
Michelin,964829_107,CTSC21061601,179571.0,1153255.0,585.0,585.0,2021-06-16 00:16:02,2021-06-16 13:34:36
Michelin,964829_107,CTSC21061601,179571.0,1153256.0,566.0,566.0,2021-06-16 00:16:02,2021-06-16 13:34:36
Michelin,964829_107,3928191,179306.0,1152113.0,640.0,640.0,2021-06-15 05:21:09,2021-06-17 19:21:53
Michelin,964829_107,3928195,179308.0,1152115.0,640.0,640.0,2021-06-15 05:26:01,2021-06-17 19:21:53
Michelin,401328_105,3928213,179312.0,1152126.0,700.0,700.0,2021-06-15 05:31:01,2021-06-17 14:16:00
Michelin,825202_109,3928213,179312.0,1152127.0,100.0,100.0,2021-06-15 05:31:01,2021-06-17 14:16:00
Michelin,825202_109,3928216,179315.0,1152135.0,800.0,800.0,2021-06-15 05:36:01,2021-06-17 14:16:01
Michelin,439132_101,3928438,179405.0,1152259.0,4.0,4.0,2021-06-15 06:36:01,2021-06-17 13:56:31
Michelin,839180_101,3928522,179406.0,1152260.0,750.0,750.0,2021-06-15 06:46:01,2021-06-17 15:44:40
Michelin,839180_101,3928524,179408.0,1152262.0,750.0,750.0,2021-06-15 06:51:03,2021-06-17 15:44:41
Michelin,839180_101,3928637,179411.0,1152271.0,750.0,750.0,2021-06-15 06:56:01,2021-06-17 15:44:40
Michelin,839180_101,3928639,179412.0,1152272.0,750.0,750.0,2021-06-15 07:01:04,2021-06-17 15:44:39
Michelin,839180_101,3928643,179415.0,1152275.0,750.0,750.0,2021-06-15 07:01:05,2021-06-17 15:44:39
Michelin,839180_101,3928644,179413.0,1152273.0,750.0,750.0,2021-06-15 07:01:05,2021-06-17 15:44:39
Michelin,120217_105,3928777,179418.0,1152280.0,810.0,810.0,2021-06-15 07:21:03,2021-06-17 15:44:39
Michelin,423336_115,3928850,179428.0,1152426.0,10.0,10.0,2021-06-15 07:41:04,2021-06-17 13:56:45
Michelin,423336_115,3928850,179428.0,1152425.0,90.0,90.0,2021-06-15 07:41:04,2021-06-17 13:56:45
Michelin,243266_101,5400001576,179854.0,1155048.0,11.0,11.0,2021-06-17 05:11:02,2021-06-17 18:26:15
Michelin,439132_101,CTSC21061701,179808.0,1154956.0,30.0,30.0,2021-06-17 00:46:01,2021-06-17 13:57:00
Michelin,495612_124,CTSC21061702,179926.0,1155476.0,2.0,2.0,2021-06-17 08:41:01,2021-06-17 17:10:37
Michelin,495612_124,CTSC21061703,179927.0,1155477.0,32.0,32.0,2021-06-17 08:41:02,2021-06-17 17:10:37
Michelin,149203_110,3855647,174897.0,1123825.0,1.0,1.0,2021-05-26 08:41:05,2021-06-18 13:30:54
Michelin,428635_101,3919738,178771.0,1149270.0,420.0,420.0,2021-06-11 09:31:06,2021-06-18 18:25:15
Michelin,428635_101,3919742,178772.0,1149271.0,420.0,420.0,2021-06-11 09:31:06,2021-06-18 18:25:16
Michelin,439132_101,3919793,178804.0,1149309.0,405.0,405.0,2021-06-11 09:36:01,2021-06-18 14:37:47
Michelin,839180_101,3928641,179414.0,1152274.0,750.0,750.0,2021-06-15 07:01:05,2021-06-18 18:25:47
Michelin,401328_105,3936706,179809.0,1154957.0,555.0,555.0,2021-06-17 01:51:03,2021-06-18 14:37:30
Michelin,825202_109,3936706,179809.0,1154958.0,245.0,245.0,2021-06-17 01:51:03,2021-06-18 14:37:30
Michelin,401328_105,3936712,179810.0,1154959.0,800.0,800.0,2021-06-17 01:51:04,2021-06-18 14:37:31
Michelin,710345_120,3936756,179812.0,1154961.0,16.0,16.0,2021-06-17 02:31:02,2021-06-18 12:55:31
Michelin,892524_114,3936848,179819.0,1154975.0,133.0,133.0,2021-06-17 03:36:01,2021-06-18 15:38:29
Michelin,892524_114,3936849,179818.0,1154971.0,352.0,352.0,2021-06-17 03:36:01,2021-06-18 19:06:37
Michelin,495612_124,3938158,179913.0,1155352.0,550.0,550.0,2021-06-17 08:16:06,2021-06-18 14:37:16
Michelin,215487_110,3938254,179922.0,1155471.0,760.0,760.0,2021-06-17 08:31:08,2021-06-18 18:25:33
Michelin,389858_111,3937274,179856.0,1155064.0,86.0,86.0,2021-06-17 05:26:02,2021-06-19 18:31:06
Michelin,389858_111,3937274,179856.0,1155063.0,187.0,187.0,2021-06-17 05:26:02,2021-06-19 18:31:06
Michelin,428635_101,3938007,179904.0,1155260.0,420.0,420.0,2021-06-17 07:51:03,2021-06-19 18:41:42
Michelin,428635_101,3938017,179906.0,1155294.0,420.0,420.0,2021-06-17 07:56:01,2021-06-19 18:41:42
Michelin,428635_101,3938019,179907.0,1155295.0,420.0,420.0,2021-06-17 07:56:01,2021-06-19 18:41:42
Michelin,098881_104,3943351,180160.0,1156462.0,720.0,720.0,2021-06-18 10:01:04,2021-06-19 15:50:12
Michelin,401328_105,3944059,180192.0,1156595.0,800.0,800.0,2021-06-18 11:36:01,2021-06-19 15:12:12
Michelin,401328_105,3944065,180191.0,1156594.0,800.0,800.0,2021-06-18 11:36:01,2021-06-19 15:12:12
Michelin,677456_104,3897947,177657.0,1142243.0,500.0,500.0,2021-06-07 05:56:02,2021-06-20 18:46:34
Michelin,495612_124,3938166,179914.0,1155353.0,550.0,550.0,2021-06-17 08:16:07,2021-06-20 17:38:17
Michelin,555774_101,3939353,179970.0,1155578.0,1760.0,1760.0,2021-06-17 10:21:04,2021-06-20 05:26:38
Michelin,423336_115,3941042,179998.0,1155786.0,36.0,36.0,2021-06-18 02:21:01,2021-06-20 18:46:34
Michelin,428635_101,3942326,180140.0,1156255.0,420.0,420.0,2021-06-18 08:36:01,2021-06-20 18:46:34
Michelin,428635_101,3942342,180142.0,1156257.0,420.0,420.0,2021-06-18 08:41:02,2021-06-20 18:46:35
Michelin,428635_101,3942365,180141.0,1156256.0,420.0,420.0,2021-06-18 08:41:02,2021-06-20 18:46:35
Michelin,439132_101,3942571,180150.0,1156267.0,405.0,405.0,2021-06-18 08:56:01,2021-06-20 16:55:21
Michelin,371021_899,3942753,180153.0,1156270.0,12.0,12.0,2021-06-18 09:16:01,2021-06-20 11:19:57
Michelin,371021_899,3943985,180190.0,1156592.0,4.0,4.0,2021-06-18 11:31:02,2021-06-20 11:19:16
Michelin,371021_899,3943985,180190.0,1156593.0,2.0,2.0,2021-06-18 11:31:02,2021-06-20 11:19:16
Michelin,389858_111,3944660,180255.0,1156793.0,112.0,112.0,2021-06-19 04:46:02,2021-06-20 18:46:50
Michelin,389858_111,3944664,180256.0,1156794.0,112.0,112.0,2021-06-19 04:46:02,2021-06-20 18:46:50
Michelin,825202_109,3947159,180380.0,1157451.0,800.0,800.0,2021-06-20 02:56:01,2021-06-20 16:54:26
Michelin,825202_109,3947160,180381.0,1157452.0,800.0,800.0,2021-06-20 02:56:01,2021-06-20 16:54:26
Michelin,677456_104,3897948,177658.0,1142244.0,500.0,500.0,2021-06-07 06:01:02,2021-06-21 14:10:07
Michelin,428635_101,3942375,180145.0,1156262.0,420.0,420.0,2021-06-18 08:41:02,2021-06-21 14:10:07
Michelin,825202_109,3947161,180382.0,1157453.0,800.0,800.0,2021-06-20 02:56:01,2021-06-21 15:53:08
Michelin,825202_109,3947162,180383.0,1157454.0,800.0,800.0,2021-06-20 02:56:02,2021-06-21 15:53:08
Michelin,555774_101,3949228,180498.0,1157841.0,2112.0,2112.0,2021-06-21 00:16:01,2021-06-21 08:51:34
Michelin,677456_104,3897949,177659.0,1142245.0,500.0,500.0,2021-06-07 06:01:02,2021-06-22 17:37:11
Michelin,243266_101,3933109,179577.0,1153268.0,504.0,504.0,2021-06-16 02:26:02,2021-06-22 17:35:44
Michelin,243266_101,3933110,179576.0,1153267.0,504.0,504.0,2021-06-16 02:26:02,2021-06-22 17:36:13
Michelin,243266_101,3933113,179578.0,1153269.0,504.0,504.0,2021-06-16 02:26:02,2021-06-22 17:36:43
Michelin,693182_102,3933122,179580.0,1153278.0,480.0,480.0,2021-06-16 02:31:05,2021-06-22 17:36:13
Michelin,428635_101,3942383,180143.0,1156258.0,420.0,420.0,2021-06-18 08:41:02,2021-06-22 17:37:11
Michelin,428635_101,3942395,180146.0,1156263.0,420.0,420.0,2021-06-18 08:41:02,2021-06-22 17:37:11
Michelin,439132_101,3942576,180151.0,1156268.0,405.0,405.0,2021-06-18 08:56:01,2021-06-22 16:33:40
Michelin,964829_107,3949365,180510.0,1157876.0,640.0,640.0,2021-06-21 02:41:01,2021-06-22 17:37:36
Michelin,964829_107,3949366,180509.0,1157875.0,118.0,118.0,2021-06-21 02:36:05,2021-06-22 17:37:36
Michelin,964829_107,3949366,180509.0,1157874.0,522.0,522.0,2021-06-21 02:36:05,2021-06-22 17:37:36
Michelin,825202_109,3949703,180637.0,1158182.0,800.0,800.0,2021-06-21 10:36:09,2021-06-22 16:31:36
Michelin,825202_109,3949704,180635.0,1158180.0,800.0,800.0,2021-06-21 10:36:01,2021-06-22 16:31:36
Michelin,622561_101,3949804,180642.0,1158236.0,1.0,1.0,2021-06-21 10:46:07,2021-06-22 17:38:06
Michelin,555774_101,3950278,180666.0,1158572.0,1760.0,1760.0,2021-06-21 11:31:02,2021-06-22 09:16:42
Michelin,389858_111,3952671,180756.0,1159075.0,350.0,350.0,2021-06-22 03:56:07,2021-06-22 12:16:32
Michelin,555774_101,3955554,180921.0,1159819.0,312.0,312.0,2021-06-22 12:01:02,2021-06-22 20:11:31
Michelin,422336_103,CTSC21062201,180692.0,1158993.0,150.0,150.0,2021-06-22 00:31:01,2021-06-22 16:34:05
Michelin,677456_104,3919596,178759.0,1149191.0,500.0,500.0,2021-06-11 09:16:02,2021-06-23 16:57:51
Michelin,428635_101,3942413,180147.0,1156264.0,420.0,420.0,2021-06-18 08:46:01,2021-06-23 16:57:51
Michelin,892524_115,3952448,180700.0,1159012.0,1100.0,1100.0,2021-06-22 02:31:02,2021-06-23 16:58:02
Michelin,996667_103,3956246,180958.0,1160006.0,1848.0,1848.0,2021-06-23 04:31:04,2021-06-23 14:11:10
Michelin,047665_101,5400001591,181038.0,1160296.0,6.0,6.0,2021-06-23 07:11:02,2021-06-23 19:04:44
Michelin,485685_108,3933142,179585.0,1153298.0,700.0,700.0,2021-06-16 02:36:02,2021-06-24 18:50:57
Michelin,401328_105,3933708,179676.0,1153537.0,800.0,800.0,2021-06-16 05:26:01,2021-06-24 17:07:53
Michelin,401328_105,3933714,179678.0,1153539.0,800.0,800.0,2021-06-16 05:26:01,2021-06-24 17:07:53
Michelin,495612_124,3938176,179912.0,1155351.0,550.0,550.0,2021-06-17 08:16:06,2021-06-24 17:02:49
Michelin,428635_101,3942518,180148.0,1156265.0,420.0,420.0,2021-06-18 08:51:01,2021-06-24 18:50:44
Michelin,439132_101,3942555,180149.0,1156266.0,405.0,405.0,2021-06-18 08:56:01,2021-06-24 15:34:46
Michelin,964829_107,3952392,180698.0,1159010.0,640.0,640.0,2021-06-22 02:01:03,2021-06-24 18:51:11
Michelin,964829_107,3952393,180699.0,1159011.0,640.0,640.0,2021-06-22 02:01:09,2021-06-24 18:51:11
Michelin,098881_104,3955984,180941.0,1159940.0,720.0,720.0,2021-06-23 03:06:03,2021-06-24 19:06:10
Michelin,098881_104,3955995,180942.0,1159941.0,720.0,720.0,2021-06-23 03:06:03,2021-06-24 19:06:11
Michelin,407678_107,CTSC21062301,181119.0,1160628.0,613.0,613.0,2021-06-23 09:36:01,2021-06-24 17:04:55
Michelin,407678_107,CTSC21062301,181119.0,1160629.0,387.0,387.0,2021-06-23 09:36:01,2021-06-24 17:04:55
Michelin,149203_110,CTSC21062302,181473.0,1162741.0,88.0,88.0,2021-06-24 11:06:06,2021-06-24 22:22:22
Michelin,407678_107,CTSC21062302,181473.0,1162743.0,247.0,247.0,2021-06-24 11:06:06,2021-06-24 22:22:22
Michelin,955962_119,CTSC21062302,181473.0,1162740.0,350.0,350.0,2021-06-24 11:06:06,2021-06-24 22:22:22
Michelin,407678_107,CTSC21062302,181473.0,1162742.0,257.0,257.0,2021-06-24 11:06:06,2021-06-24 22:22:22
Michelin,520764_899,SITC21062401,181173.0,1161180.0,989.0,989.0,2021-06-24 01:26:01,2021-06-24 14:37:39
Michelin,825202_109,3949708,180636.0,1158181.0,800.0,800.0,2021-06-21 10:36:04,2021-06-25 15:16:29
Michelin,825202_109,3949717,180638.0,1158183.0,800.0,800.0,2021-06-21 10:36:09,2021-06-25 15:16:29
Michelin,454516_101,3952894,180759.0,1159114.0,580.0,580.0,2021-06-22 05:46:08,2021-06-25 17:22:18
Michelin,428635_101,3953213,180771.0,1159230.0,420.0,420.0,2021-06-22 06:46:01,2021-06-25 17:22:29
Michelin,439132_101,3953313,180811.0,1159297.0,405.0,405.0,2021-06-22 07:01:04,2021-06-25 15:16:49
Michelin,677456_104,3956525,181018.0,1160166.0,650.0,650.0,2021-06-23 06:36:01,2021-06-25 17:22:29
Michelin,710345_120,3959667,181276.0,1162650.0,340.0,17.0,2021-06-24 04:01:04,2021-06-25 17:47:53
Michelin,710345_120,3959667,181276.0,1161322.0,340.0,323.0,2021-06-24 04:01:04,2021-06-25 17:47:53
Michelin,825202_109,3960067,181297.0,1161524.0,12.0,12.0,2021-06-24 06:36:01,2021-06-25 15:15:28
Michelin,892524_115,3960358,181363.0,1161884.0,1100.0,1100.0,2021-06-24 07:51:02,2021-06-25 17:22:09
Michelin,996667_103,3963041,181514.0,1163459.0,1848.0,1848.0,2021-06-25 03:21:05,2021-06-25 14:06:15
Michelin,964829_105,CTSC21062501,181527.0,1163593.0,100.0,100.0,2021-06-25 03:56:03,2021-06-25 18:12:20
Michelin,485685_108,CTSC21062501,181527.0,1163592.0,400.0,400.0,2021-06-25 03:56:03,2021-06-25 18:12:20
Michelin,120217_105,CTSC21062501,181527.0,1163591.0,1000.0,1000.0,2021-06-25 03:56:03,2021-06-25 18:12:20
Michelin,428635_101,3953234,180774.0,1159234.0,420.0,420.0,2021-06-22 06:46:02,2021-06-26 19:52:59
Michelin,428635_101,3953235,180772.0,1159231.0,420.0,420.0,2021-06-22 06:46:02,2021-06-26 19:52:59
Michelin,439132_101,3953322,180812.0,1159298.0,405.0,405.0,2021-06-22 07:01:07,2021-06-26 15:04:00
Michelin,677456_104,3956533,181019.0,1160167.0,650.0,650.0,2021-06-23 06:36:01,2021-06-26 19:52:59
Michelin,520764_101,3962943,181504.0,1163218.0,34.0,34.0,2021-06-25 02:51:01,2021-06-26 19:52:25
Michelin,622561_101,3962991,181510.0,1163454.0,28.0,28.0,2021-06-25 03:01:13,2021-06-26 19:53:16
Michelin,622561_101,3962991,181510.0,1163455.0,60.0,60.0,2021-06-25 03:01:13,2021-06-26 19:53:16
Michelin,520764_101,3963224,181533.0,1163623.0,12.0,12.0,2021-06-25 04:31:02,2021-06-26 19:52:26
Michelin,215487_110,3963308,181583.0,1163763.0,760.0,760.0,2021-06-25 05:26:02,2021-06-26 19:52:36
Michelin,215487_110,3963316,181584.0,1163764.0,760.0,760.0,2021-06-25 05:26:02,2021-06-26 19:52:35
Michelin,215487_110,3963323,181585.0,1163765.0,760.0,760.0,2021-06-25 05:26:02,2021-06-26 19:52:35
Michelin,215487_110,3963325,181593.0,1163776.0,760.0,760.0,2021-06-25 05:26:03,2021-06-26 19:52:36
Michelin,825202_109,3963498,181603.0,1163799.0,4.0,4.0,2021-06-25 06:11:01,2021-06-26 15:03:10
Michelin,710345_120,3963502,181604.0,1163800.0,4.0,4.0,2021-06-25 06:11:04,2021-06-26 14:22:14
Michelin,120217_105,3964427,181680.0,1164412.0,810.0,810.0,2021-06-25 08:26:01,2021-06-26 19:52:07
Michelin,839180_101,3964705,181687.0,1164566.0,750.0,750.0,2021-06-25 09:06:01,2021-06-26 19:52:36
Michelin,839180_101,3964741,181686.0,1164565.0,750.0,750.0,2021-06-25 09:06:01,2021-06-26 19:52:36
Michelin,839180_101,3964759,181689.0,1164568.0,750.0,750.0,2021-06-25 09:06:03,2021-06-26 19:52:07
Michelin,839180_101,3964766,181688.0,1164567.0,750.0,750.0,2021-06-25 09:06:01,2021-06-26 19:52:08
Michelin,839180_101,3964773,181690.0,1164569.0,750.0,750.0,2021-06-25 09:06:03,2021-06-26 19:52:07
Michelin,996667_103,3966747,181784.0,1165875.0,1680.0,1680.0,2021-06-26 00:26:05,2021-06-26 17:23:53
Michelin,439132_101,CTSC21062601,181665.0,1164350.0,30.0,30.0,2021-06-25 08:01:05,2021-06-26 15:02:56
Michelin,677456_104,3956540,181020.0,1160168.0,650.0,650.0,2021-06-23 06:36:01,2021-06-27 10:31:41
Michelin,423336_115,3956905,181040.0,1161068.0,160.0,8.0,2021-06-23 07:41:06,2021-06-27 16:10:37
Michelin,423336_115,3956905,181040.0,1160362.0,160.0,152.0,2021-06-23 07:41:06,2021-06-27 16:10:37
Michelin,495612_124,3960526,181375.0,1162055.0,550.0,550.0,2021-06-24 08:11:02,2021-06-27 17:21:10
Michelin,495612_124,3960534,181374.0,1162054.0,550.0,550.0,2021-06-24 08:11:01,2021-06-27 17:21:10
Michelin,401328_105,3963027,181512.0,1163457.0,800.0,800.0,2021-06-25 03:21:02,2021-06-27 17:21:11
Michelin,401328_105,3963038,181513.0,1163458.0,800.0,800.0,2021-06-25 03:21:02,2021-06-27 17:21:09
Michelin,428635_101,3964149,181670.0,1164355.0,420.0,420.0,2021-06-25 08:06:05,2021-06-27 10:31:41
Michelin,439132_101,3964215,181675.0,1164361.0,405.0,405.0,2021-06-25 08:11:01,2021-06-27 16:10:37
Michelin,996667_103,3971207,181963.0,1167210.0,1680.0,1680.0,2021-06-27 05:31:06,2021-06-27 14:58:52
Michelin,892524_115,3962866,181498.0,1163034.0,1100.0,1100.0,2021-06-25 02:11:01,2021-06-28 17:40:18
Michelin,401328_105,3963046,181515.0,1163460.0,800.0,800.0,2021-06-25 03:21:05,2021-06-28 15:25:47
Michelin,401328_105,3963050,181517.0,1163470.0,800.0,800.0,2021-06-25 03:21:06,2021-06-28 15:25:47
Michelin,485685_108,3963813,181619.0,1164212.0,1008.0,1008.0,2021-06-25 07:26:01,2021-06-28 17:40:50
Michelin,677456_104,3964120,181668.0,1164353.0,650.0,650.0,2021-06-25 08:06:02,2021-06-28 17:39:48
Michelin,428635_101,3964156,181669.0,1164354.0,420.0,420.0,2021-06-25 08:06:04,2021-06-28 17:39:49
Michelin,428635_101,3964163,181673.0,1164359.0,420.0,420.0,2021-06-25 08:06:05,2021-06-28 17:39:49
Michelin,439132_101,3964222,181676.0,1164362.0,405.0,405.0,2021-06-25 08:11:03,2021-06-28 15:25:35
Michelin,996667_103,3973775,182084.0,1167590.0,1444.0,1444.0,2021-06-28 05:36:01,2021-06-28 14:52:48
Michelin,401328_105,3963051,181519.0,1163472.0,800.0,800.0,2021-06-25 03:21:06,2021-06-29 16:31:52
Michelin,401328_105,3963052,181518.0,1163471.0,800.0,800.0,2021-06-25 03:21:06,2021-06-29 16:31:52
Michelin,677456_104,3964122,181667.0,1164352.0,650.0,650.0,2021-06-25 08:06:02,2021-06-29 17:49:49
Michelin,428635_101,3964171,181671.0,1164356.0,420.0,420.0,2021-06-25 08:06:05,2021-06-29 17:49:49
Michelin,428635_101,3964178,181674.0,1164360.0,420.0,420.0,2021-06-25 08:06:05,2021-06-29 17:49:49
Michelin,839180_101,3964783,181691.0,1164570.0,750.0,750.0,2021-06-25 09:06:04,2021-06-29 17:49:38
Michelin,389858_111,3973767,182083.0,1167589.0,504.0,504.0,2021-06-28 05:31:02,2021-06-29 11:53:40
Michelin,176757_101,3975194,182213.0,1168763.0,40.0,40.0,2021-06-28 09:21:04,2021-06-29 17:50:03
Michelin,829971_101,5910005966,182315.0,1169242.0,56.0,56.0,2021-06-29 04:11:01,2021-06-29 13:33:58
Michelin,974869_101,5910005966,182315.0,1169243.0,13.0,13.0,2021-06-29 04:11:01,2021-06-29 13:33:58
Michelin,423336_115,CTSC21062901,182172.0,1168462.0,20.0,20.0,2021-06-28 08:41:01,2021-06-29 16:35:55
Michelin,693182_102,3959623,181272.0,1161303.0,480.0,480.0,2021-06-24 03:41:13,2021-06-30 18:03:04
Michelin,693182_102,3959627,181273.0,1161304.0,480.0,480.0,2021-06-24 03:41:14,2021-06-30 18:03:04
Michelin,693182_102,3959637,181274.0,1161305.0,480.0,480.0,2021-06-24 03:41:14,2021-06-30 18:03:05
Michelin,974869_101,3960212,181324.0,1161825.0,550.0,550.0,2021-06-24 07:26:01,2021-06-30 18:03:41
Michelin,520764_101,3962937,181503.0,1163217.0,128.0,128.0,2021-06-25 02:46:01,2021-06-30 18:02:55
Michelin,520764_101,3962954,181506.0,1163272.0,12.0,12.0,2021-06-25 02:56:01,2021-06-30 18:02:55
Michelin,047665_101,3976997,182262.0,1169159.0,600.0,600.0,2021-06-29 01:56:02,2021-06-30 18:02:55
Michelin,996667_103,3981428,182484.0,1170388.0,1499.0,1499.0,2021-06-30 02:41:01,2021-06-30 11:57:50
Michelin,996667_103,3981445,182486.0,1170436.0,1680.0,1680.0,2021-06-30 02:46:01,2021-06-30 11:57:50